user_id,area_id,time_slot_id,desired_price_range_id,preferred_aspects,distance_tolerance_m,store_id,store_name,address,latitude,longitude,distance_m,distance_km,rank,score,merchant_id,merchant_category_name,status,is_closed,next_slot_time,end_time,median_price
u001,hust_tran_dai_nghia,lunch,under_50k,value_for_money|staff_service,800.0,32441,Mì Cay Seoul - Trần Đại Nghĩa,"91 Trần Đại Nghĩa, Bách Khoa, Hai Bà Trưng, Hà Nội",21.004289627075195,105.8455581665039,269.5246196995356,0.27,1,0.2537029854563492,24171,Bún/Phở/Mỳ/Cháo,active,True,2026-04-17 09:00:00,2026-04-17 22:30:59,33000
u001,hust_tran_dai_nghia,lunch,under_50k,value_for_money|staff_service,800.0,31947,Kufoodd - Mì Trộn Indomie & Đồ Ăn Nhanh - Đê Tô Hoàng,"22 Ngách 62B Ngõ 219 Đê Tô Hoàng, P. Cầu Dền, Hai Bà Trưng, Hà Nội",21.005510330200195,105.84844207763672,530.4628473313834,0.53,2,0.2535214932404691,23773,Bún/Phở/Mỳ/Cháo,active,True,2026-04-17 14:00:00,2026-04-17 22:30:59,38000
u001,hust_tran_dai_nghia,lunch,under_50k,value_for_money|staff_service,800.0,40268,Xuân Food - Mì Trộn Indomie - Tạ Quang Bửu,"5 ngõ 17 Tạ Quang Bửu, Bách Khoa, Hai Bà Trưng, Hà Nội",21.00433921813965,105.84838104248047,540.7812723563393,0.541,3,0.2535179096653373,31064,Bún/Phở/Mỳ/Cháo,active,False,2026-04-18 00:00:00,2026-04-17 23:59:59,30000
u001,hust_tran_dai_nghia,lunch,under_50k,value_for_money|staff_service,800.0,72445,Bếp Cô Nụ - Bánh Mì Chảo Sốt Vang & Gà Viên Chiên - Trần Đại Nghĩa,"26 Ngõ 183 Trần Đại Nghĩa, Phường Đồng Tâm, Quận Hai Bà Trưng, Hà Nội",21.000240325927734,105.84551239013672,630.9682465442014,0.631,4,0.25349156913164567,59531,Bánh Mì/Xôi,active,True,2026-04-17 16:30:00,2026-04-17 21:00:59,49000
u001,hust_tran_dai_nghia,lunch,under_50k,value_for_money|staff_service,800.0,126679,Mì Cay Sassin 7 Cấp Độ Hàn Quốc - Bách Khoa,"104K9 Nguyễn Hiền, Phường Bạch Mai, Hà Nội",21.001110076904297,105.84723663330078,637.6626729776301,0.638,5,0.253489910512854,104417,Bún/Phở/Mỳ/Cháo,active,True,2026-04-17 08:00:00,2026-04-17 22:00:59,0
u002,hust_tran_dai_nghia,lunch,under_50k,value_for_money|taste,900.0,80180,"Quyên Phở Gà - Phở, Mì & Miến Trộn - Phố Vọng","52 Phố Vọng, Phương Mai, Đống Đa, Hà Nội",20.998409271240234,105.8421630859375,842.4814708313834,0.842,1,0.5851185562498503,66205,Bún/Phở/Mỳ/Cháo,active,False,2026-04-18 00:00:00,2026-04-17 23:59:59,45000
u002,hust_tran_dai_nghia,lunch,under_50k,value_for_money|taste,900.0,47053,Bee Quán - Bún Sườn Chua Trộn & Cháo Sườn - Ngõ Thái Lợi,"18 Ngõ Thái Lợi, Tổ dân phố 3A+Tổ dân phố 3B, Bạch Mai, Hai Bà Trưng, Hà Nội, Việt Nam",21.001419067382812,105.85121154785156,869.9701994141143,0.87,2,0.39011481449086005,37356,Bún/Phở/Mỳ/Cháo,active,True,2026-04-17 06:30:00,2026-04-17 22:30:59,45500
u002,hust_tran_dai_nghia,lunch,under_50k,value_for_money|taste,900.0,32441,Mì Cay Seoul - Trần Đại Nghĩa,"91 Trần Đại Nghĩa, Bách Khoa, Hai Bà Trưng, Hà Nội",21.004289627075195,105.8455581665039,212.43290492660964,0.212,3,0.19546853131682945,24171,Bún/Phở/Mỳ/Cháo,active,True,2026-04-17 09:00:00,2026-04-17 22:30:59,33000
u002,hust_tran_dai_nghia,lunch,under_50k,value_for_money|taste,900.0,130783,Bún Bò Huế Cố Đô 1 - Tạ Quang Bửu,"Số 10 Tạ Quang Bửu, Phường Bạch Mai, Hà Nội",21.005460739135742,105.84712219238281,302.49278814858667,0.302,4,0.19532949712120026,108026,Bún/Phở/Mỳ/Cháo,active,True,2026-04-17 08:00:00,2026-04-17 22:00:59,0
u002,hust_tran_dai_nghia,lunch,under_50k,value_for_money|taste,900.0,86930,Bún Cá Cô Minh - Tạ Quang Bửu,"Số 3 Ngõ 40/2 Tạ Quang Bửu, Phường Bách Khoa, Quận Hai Bà Trưng, Hà Nội",21.003820419311523,105.84668731689453,332.9777151136833,0.333,5,0.19529942117534987,71846,Bún/Phở/Mỳ/Cháo,active,True,2026-04-17 07:00:00,2026-04-17 21:00:59,40000
u003,hust_tran_dai_nghia,lunch,under_50k,staff_service|value_for_money,700.0,117526,Bếp Bé Bếu - Cơm & Bánh Mì Nướng Trung Hoa - Lê Thanh Nghị,"40 Lê Thanh Nghị, Phường Bạch Mai, Hà Nội",21.003389358520508,105.84977722167969,692.8491031854544,0.693,1,0.7601441235558869,96266,Cơm/Cơm tấm,active,True,2026-04-17 18:00:00,2026-04-17 21:40:59,0
u003,hust_tran_dai_nghia,lunch,under_50k,staff_service|value_for_money,700.0,6930,Kombo cơm niêu Singapore - 46 Trần Đại Nghĩa,"46 Trần Đại Nghĩa, P. Đồng Tâm, Q. Hai Bà Trưng, Hà Nội",21.002059936523438,105.8447265625,315.59955737783736,0.316,2,0.506982523077927,24,Cơm/Cơm tấm,active,True,2026-04-17 09:30:00,2026-04-17 21:30:59,48600
u003,hust_tran_dai_nghia,lunch,under_50k,staff_service|value_for_money,700.0,40268,Xuân Food - Mì Trộn Indomie - Tạ Quang Bửu,"5 ngõ 17 Tạ Quang Bửu, Bách Khoa, Hai Bà Trưng, Hà Nội",21.00433921813965,105.84838104248047,536.7566248584368,0.537,3,0.50685262439434,31064,Bún/Phở/Mỳ/Cháo,active,False,2026-04-18 00:00:00,2026-04-17 23:59:59,30000
u003,hust_tran_dai_nghia,lunch,under_50k,staff_service|value_for_money,700.0,31215,Cơm Rang Hải Sơn - Giải Phóng,"32 Ngõ 75 Giải Phóng, P.Đồng Tâm, Q.Hai Bà Trưng, Hà Nội",21.002859115600586,105.84229278564453,208.169125913314,0.208,4,0.25381141536175583,22420,Cơm/Cơm tấm,active,False,2026-04-17 10:00:00,2026-04-17 23:59:59,40000
u003,hust_tran_dai_nghia,lunch,under_50k,staff_service|value_for_money,700.0,11471,Thiên Trường - Phở Cồ & Cơm Gà Xối Mắm - Giải Phóng,"15 Ngõ 75 Đường Giải Phóng, Đồng Tâm, Hai Bà Trưng, Hà Nội, Việt Nam",21.002830505371094,105.84198760986328,227.11990359280736,0.227,5,0.2537716992909943,4035,Bún/Phở/Mỳ/Cháo,active,True,2026-04-17 08:00:00,2026-04-17 22:00:59,50000
u004,hust_tran_dai_nghia,afternoon,50k_100k,work_friendly|space|cleanliness,1200.0,99491,Svn Coffee - Cafe Pha Máy - Khu Tập Thể Bách Khoa,"112 K2 Khu Tập Thể Bách Khoa, Ngõ 48 Tạ Quang Bửu, Bách Khoa, Hai Bà Trưng, Hà Nội",21.00157928466797,105.84927368164062,725.1409694778492,0.725,1,0.5068043809731213,82414,Cà Phê/Trà,active,True,2026-04-17 07:30:00,2026-04-17 18:00:59,25000
u004,hust_tran_dai_nghia,afternoon,50k_100k,work_friendly|space|cleanliness,1200.0,55021,Tan.Coffee - Cafe Ngon & Nước Ép - Tô Hiến Thành,"29 Tô Hiến Thành, P.Nguyễn Du, Q.Hai Bà Trưng, Hà Nội",21.013429641723633,105.85002136230469,1105.5143967450242,1.106,2,0.5067570405472904,44774,Cà Phê/Trà,active,True,2026-04-17 07:10:00,2026-04-17 17:50:59,30000
u004,hust_tran_dai_nghia,afternoon,50k_100k,work_friendly|space|cleanliness,1200.0,91370,An Toàn Khu Coffee - Thanh Nhàn,"111 Khu Tập Thể 257 Thanh Nhàn, Hai Bà Trưng, Hà Nội",21.003040313720703,105.84364318847656,268.7830723123956,0.269,3,0.2537040015118178,75691,Cà Phê/Trà,active,True,2026-04-17 09:00:00,2026-04-17 11:59:59,30000
u004,hust_tran_dai_nghia,afternoon,50k_100k,work_friendly|space|cleanliness,1200.0,132692,Ghé Coffee - Cà Phê Mang Đi - Tạ Quang Bửu,"Số 10 Tạ Quang Bửu, Phường Bạch Mai, Hà Nội",21.00555992126465,105.84696960449219,343.98273419595114,0.344,4,0.25362320291255464,109754,Cà Phê/Trà,active,True,2026-04-17 06:00:00,2026-04-17 23:59:59,0
u004,hust_tran_dai_nghia,afternoon,50k_100k,work_friendly|space|cleanliness,1200.0,103976,"Thego Tagom Cafe - Matcha, Trà & Bánh - Lê Thanh Nghị","Số 25 ngõ 104 Lê Thanh Nghị, Phường Bách Khoa, Quận Hai Bà Trưng, Hà Nội",21.002689361572266,105.8458023071289,379.87398259665713,0.38,5,0.25359588736581995,85245,Cà Phê/Trà,active,True,2026-04-17 08:00:00,2026-04-17 20:00:59,0
u005,hust_tran_dai_nghia,afternoon,under_50k,taste|value_for_money,700.0,129860,You Tea - Trần Đại Nghĩa,"75 Trần Đại Nghĩa, Phường Bạch Mai, Hà Nội",21.00589942932129,105.84583282470703,257.12641084586386,0.257,1,0.25372074041683285,107206,Cà Phê/Trà,active,True,2026-04-17 08:00:00,2026-04-17 22:00:59,0
u005,hust_tran_dai_nghia,afternoon,under_50k,taste|value_for_money,700.0,82559,Oet O Oet - Drink & Food - Giải Phóng,"72 Ngõ 24 Giải Phóng, Phường Phương Mai, Quận Đống Đa, Hà Nội",21.005590438842773,105.84042358398438,311.4194235098303,0.311,2,0.25365341586493956,68127,Trà sữa,stop,True,2026-04-17 09:00:00,2026-04-17 17:00:59,19000
u005,hust_tran_dai_nghia,afternoon,under_50k,taste|value_for_money,700.0,64917,Bing Long - Ice Cream & Tea - Trần Đại Nghĩa,"123 Trần Đại Nghĩa, Đồng Tâm, Hai Bà Trưng, Hà Nội",21.002470016479492,105.84488677978516,359.02961986316825,0.359,3,0.25361108825815865,53108,Trà sữa,active,True,2026-04-17 09:00:00,2026-04-17 22:00:59,25000
u005,hust_tran_dai_nghia,afternoon,under_50k,taste|value_for_money,700.0,131660,"Tiệm Thỏ - Fruit Juice, Tea & Coffee - Tạ Quang Bửu","Số Nhà 98 Ngõ 40 Tạ Quang Bửu, Phường Bạch Mai, Hà Nội",21.00252914428711,105.84522247314453,369.49538917625046,0.369,4,0.2536032422253774,108801,Sinh tố/Nước ép/Sữa,active,True,2026-04-17 09:00:00,2026-04-17 21:00:59,0
u005,hust_tran_dai_nghia,afternoon,under_50k,taste|value_for_money,700.0,129518,Rosier Fresh Tea & Coffee - Lê Thanh Nghị,"117 Lê Thanh Nghị, Phường Bạch Mai, Hà Nội",21.001720428466797,105.8433609008789,408.34481039838323,0.408,5,0.2535776261580125,106952,Trà sữa,active,True,2026-04-17 08:00:00,2026-04-17 22:20:59,0
u006,hust_tran_dai_nghia,dinner,50k_100k,space|staff_service|taste,1000.0,129860,You Tea - Trần Đại Nghĩa,"75 Trần Đại Nghĩa, Phường Bạch Mai, Hà Nội",21.00589942932129,105.84583282470703,175.0665650723882,0.175,1,0.19556796700701742,107206,Cà Phê/Trà,active,True,2026-04-17 08:00:00,2026-04-17 22:00:59,0
u006,hust_tran_dai_nghia,dinner,50k_100k,space|staff_service|taste,1000.0,64917,Bing Long - Ice Cream & Tea - Trần Đại Nghĩa,"123 Trần Đại Nghĩa, Đồng Tâm, Hai Bà Trưng, Hà Nội",21.002470016479492,105.84488677978516,377.62545132380666,0.378,2,0.19526411325400964,53108,Trà sữa,active,True,2026-04-17 09:00:00,2026-04-17 22:00:59,25000
u006,hust_tran_dai_nghia,dinner,50k_100k,space|staff_service|taste,1000.0,131660,"Tiệm Thỏ - Fruit Juice, Tea & Coffee - Tạ Quang Bửu","Số Nhà 98 Ngõ 40 Tạ Quang Bửu, Phường Bạch Mai, Hà Nội",21.00252914428711,105.84522247314453,379.90299106330474,0.38,3,0.1952625340371333,108801,Sinh tố/Nước ép/Sữa,active,True,2026-04-17 09:00:00,2026-04-17 21:00:59,0
u006,hust_tran_dai_nghia,dinner,50k_100k,space|staff_service|taste,1000.0,6930,Kombo cơm niêu Singapore - 46 Trần Đại Nghĩa,"46 Trần Đại Nghĩa, P. Đồng Tâm, Q. Hai Bà Trưng, Hà Nội",21.002059936523438,105.8447265625,419.6875026023623,0.42,4,0.1952377061343192,24,Cơm/Cơm tấm,active,True,2026-04-17 09:30:00,2026-04-17 21:30:59,48600
u006,hust_tran_dai_nghia,dinner,50k_100k,space|staff_service|taste,1000.0,92263,Đồ Ăn Vặt Lay Mart - Đại Cồ Việt,"31 Ngõ 66 Đại Cồ Việt, Phường Lê Đại Hành, Quận Hai Bà Trưng, Hà Nội",21.00882911682129,105.84713745117188,458.1921983608382,0.458,5,0.1952177737347389,76464,Ăn vặt,active,False,2026-04-17 07:00:00,2026-04-17 23:59:59,49000
u007,hust_ta_quang_buu,lunch,under_50k,value_for_money|staff_service,800.0,32441,Mì Cay Seoul - Trần Đại Nghĩa,"91 Trần Đại Nghĩa, Bách Khoa, Hai Bà Trưng, Hà Nội",21.004289627075195,105.8455581665039,215.7865508893048,0.216,1,0.25379461656142,24171,Bún/Phở/Mỳ/Cháo,active,True,2026-04-17 09:00:00,2026-04-17 22:30:59,33000
u007,hust_ta_quang_buu,lunch,under_50k,value_for_money|staff_service,800.0,31947,Kufoodd - Mì Trộn Indomie & Đồ Ăn Nhanh - Đê Tô Hoàng,"22 Ngách 62B Ngõ 219 Đê Tô Hoàng, P. Cầu Dền, Hai Bà Trưng, Hà Nội",21.005510330200195,105.84844207763672,304.9431754929387,0.305,2,0.25366019141682833,23773,Bún/Phở/Mỳ/Cháo,active,True,2026-04-17 14:00:00,2026-04-17 22:30:59,38000
u007,hust_ta_quang_buu,lunch,under_50k,value_for_money|staff_service,800.0,40268,Xuân Food - Mì Trộn Indomie - Tạ Quang Bửu,"5 ngõ 17 Tạ Quang Bửu, Bách Khoa, Hai Bà Trưng, Hà Nội",21.00433921813965,105.84838104248047,356.50102034979363,0.357,3,0.25361305281469915,31064,Bún/Phở/Mỳ/Cháo,active,False,2026-04-18 00:00:00,2026-04-17 23:59:59,30000
u007,hust_ta_quang_buu,lunch,under_50k,value_for_money|staff_service,800.0,113989,"Đi Ăn Chay Đi - Cơm Chay, Bún & Bánh Mì Chay - 57 Chùa Liên Phái","57 Ngõ Chùa Liên Phái, Phường Bách Khoa, Quận Hai Bà Trưng, Hà Nội",21.00493049621582,105.8494873046875,427.89074505388845,0.428,4,0.2535664929460161,92923,Món chay,active,True,2026-04-17 09:00:00,2026-04-17 21:00:59,0
u007,hust_ta_quang_buu,lunch,under_50k,value_for_money|staff_service,800.0,72995,2Mlem - Đồ Ăn Vặt & Mì - Đê Tô Hoàng,"25 Ngõ 67 Đê Tô Hoàng, Phường Cầu Dền, Quận Hai Bà Trưng, Hà Nội",21.007020950317383,105.850341796875,499.2768550321917,0.499,5,0.25353322265260547,60048,Ăn vặt,active,True,2026-04-17 10:30:00,2026-04-17 22:30:59,0
u008,hust_ta_quang_buu,lunch,under_50k,value_for_money|taste,900.0,47053,Bee Quán - Bún Sườn Chua Trộn & Cháo Sườn - Ngõ Thái Lợi,"18 Ngõ Thái Lợi, Tổ dân phố 3A+Tổ dân phố 3B, Bạch Mai, Hai Bà Trưng, Hà Nội, Việt Nam",21.001419067382812,105.85121154785156,873.538986016262,0.874,1,0.390114345960099,37356,Bún/Phở/Mỳ/Cháo,active,True,2026-04-17 06:30:00,2026-04-17 22:30:59,45500
u008,hust_ta_quang_buu,lunch,under_50k,value_for_money|taste,900.0,32441,Mì Cay Seoul - Trần Đại Nghĩa,"91 Trần Đại Nghĩa, Bách Khoa, Hai Bà Trưng, Hà Nội",21.004289627075195,105.8455581665039,251.59952651927404,0.252,2,0.19539588356074125,24171,Bún/Phở/Mỳ/Cháo,active,True,2026-04-17 09:00:00,2026-04-17 22:30:59,33000
u008,hust_ta_quang_buu,lunch,under_50k,value_for_money|taste,900.0,130783,Bún Bò Huế Cố Đô 1 - Tạ Quang Bửu,"Số 10 Tạ Quang Bửu, Phường Bạch Mai, Hà Nội",21.005460739135742,105.84712219238281,271.43820836315757,0.271,3,0.19536705570999316,108026,Bún/Phở/Mỳ/Cháo,active,True,2026-04-17 08:00:00,2026-04-17 22:00:59,0
u008,hust_ta_quang_buu,lunch,under_50k,value_for_money|taste,900.0,9934,Bún Bò Huế Lan Chi - Đại Cồ Việt,"51 Đại Cồ Việt, Bách Khoa, Hai Bà Trưng, Hà Nội, Việt Nam",21.007829666137695,105.84684753417969,272.0054093423743,0.272,4,0.19536629310840722,3659,Bún/Phở/Mỳ/Cháo,active,True,2026-04-17 06:00:00,2026-04-17 23:00:59,45000
u008,hust_ta_quang_buu,lunch,under_50k,value_for_money|taste,900.0,7160,Bún Chả Mẹ Nga - Vân Hồ 3,"90a Phố Vân Hồ 3, Lê Đại Hành, Hai Bà Trưng, Hà Nội, Việt Nam",21.00921058654785,105.84625244140625,349.9646445359652,0.35,5,0.1952849289851752,110,Bún/Phở/Mỳ/Cháo,active,True,2026-04-17 07:30:00,2026-04-17 21:00:59,67000
u009,hust_ta_quang_buu,lunch,under_50k,staff_service|value_for_money,700.0,117526,Bếp Bé Bếu - Cơm & Bánh Mì Nướng Trung Hoa - Lê Thanh Nghị,"40 Lê Thanh Nghị, Phường Bạch Mai, Hà Nội",21.003389358520508,105.84977722167969,625.1243208297402,0.625,1,0.7601597126907121,96266,Cơm/Cơm tấm,active,True,2026-04-17 18:00:00,2026-04-17 21:40:59,0
u009,hust_ta_quang_buu,lunch,under_50k,staff_service|value_for_money,700.0,40268,Xuân Food - Mì Trộn Indomie - Tạ Quang Bửu,"5 ngõ 17 Tạ Quang Bửu, Bách Khoa, Hai Bà Trưng, Hà Nội",21.00433921813965,105.84838104248047,446.43669875898314,0.446,2,0.5068901619684095,31064,Bún/Phở/Mỳ/Cháo,active,False,2026-04-18 00:00:00,2026-04-17 23:59:59,30000
u009,hust_ta_quang_buu,lunch,under_50k,staff_service|value_for_money,700.0,6930,Kombo cơm niêu Singapore - 46 Trần Đại Nghĩa,"46 Trần Đại Nghĩa, P. Đồng Tâm, Q. Hai Bà Trưng, Hà Nội",21.002059936523438,105.8447265625,478.8392277148712,0.479,3,0.5068750698030176,24,Cơm/Cơm tấm,active,True,2026-04-17 09:30:00,2026-04-17 21:30:59,48600
u009,hust_ta_quang_buu,lunch,under_50k,staff_service|value_for_money,700.0,31215,Cơm Rang Hải Sơn - Giải Phóng,"32 Ngõ 75 Giải Phóng, P.Đồng Tâm, Q.Hai Bà Trưng, Hà Nội",21.002859115600586,105.84229278564453,461.3772671616737,0.461,4,0.2535496069417091,22420,Cơm/Cơm tấm,active,False,2026-04-17 10:00:00,2026-04-17 23:59:59,40000
u009,hust_ta_quang_buu,lunch,under_50k,staff_service|value_for_money,700.0,22758,PhuongKitchen - Cơm & Đồ Ăn Vặt - Ngõ Chùa Liên Phái Bạch Mai,"22 Ngách 55 Ngõ Chùa Liên Phái Bạch Mai, Phường Cầu Dền, Quận Hai Bà Trưng, Hà Nội",21.004640579223633,105.8488998413086,479.30599492094456,0.479,5,0.2535415339409823,12340,Cơm/Cơm tấm,active,True,2026-04-17 10:00:00,2026-04-17 23:59:59,47000
u010,hust_ta_quang_buu,afternoon,50k_100k,work_friendly|space|cleanliness,1200.0,99491,Svn Coffee - Cafe Pha Máy - Khu Tập Thể Bách Khoa,"112 K2 Khu Tập Thể Bách Khoa, Ngõ 48 Tạ Quang Bửu, Bách Khoa, Hai Bà Trưng, Hà Nội",21.00157928466797,105.84927368164062,707.6940311218094,0.708,1,0.5068077712839042,82414,Cà Phê/Trà,active,True,2026-04-17 07:30:00,2026-04-17 18:00:59,25000
u010,hust_ta_quang_buu,afternoon,50k_100k,work_friendly|space|cleanliness,1200.0,55021,Tan.Coffee - Cafe Ngon & Nước Ép - Tô Hiến Thành,"29 Tô Hiến Thành, P.Nguyễn Du, Q.Hai Bà Trưng, Hà Nội",21.013429641723633,105.85002136230469,916.9917656730722,0.917,2,0.5067756001056574,44774,Cà Phê/Trà,active,True,2026-04-17 07:10:00,2026-04-17 17:50:59,30000
u010,hust_ta_quang_buu,afternoon,50k_100k,work_friendly|space|cleanliness,1200.0,132692,Ghé Coffee - Cà Phê Mang Đi - Tạ Quang Bửu,"Số 10 Tạ Quang Bửu, Phường Bạch Mai, Hà Nội",21.00555992126465,105.84696960449219,227.66563183332954,0.228,3,0.2537706530966849,109754,Cà Phê/Trà,active,True,2026-04-17 06:00:00,2026-04-17 23:59:59,0
u010,hust_ta_quang_buu,afternoon,50k_100k,work_friendly|space|cleanliness,1200.0,91370,An Toàn Khu Coffee - Thanh Nhàn,"111 Khu Tập Thể 257 Thanh Nhàn, Hai Bà Trưng, Hà Nội",21.003040313720703,105.84364318847656,422.4068803819194,0.422,4,0.2535695127735677,75691,Cà Phê/Trà,active,True,2026-04-17 09:00:00,2026-04-17 11:59:59,30000
u010,hust_ta_quang_buu,afternoon,50k_100k,work_friendly|space|cleanliness,1200.0,103976,"Thego Tagom Cafe - Matcha, Trà & Bánh - Lê Thanh Nghị","Số 25 ngõ 104 Lê Thanh Nghị, Phường Bách Khoa, Quận Hai Bà Trưng, Hà Nội",21.002689361572266,105.8458023071289,440.7894109770617,0.441,5,0.2535596855217636,85245,Cà Phê/Trà,active,True,2026-04-17 08:00:00,2026-04-17 20:00:59,0
u011,hust_ta_quang_buu,afternoon,under_50k,taste|value_for_money,700.0,129860,You Tea - Trần Đại Nghĩa,"75 Trần Đại Nghĩa, Phường Bạch Mai, Hà Nội",21.00589942932129,105.84583282470703,110.55158000998047,0.111,1,0.2542297796229426,107206,Cà Phê/Trà,active,True,2026-04-17 08:00:00,2026-04-17 22:00:59,0
u011,hust_ta_quang_buu,afternoon,under_50k,taste|value_for_money,700.0,131660,"Tiệm Thỏ - Fruit Juice, Tea & Coffee - Tạ Quang Bửu","Số Nhà 98 Ngõ 40 Tạ Quang Bửu, Phường Bạch Mai, Hà Nội",21.00252914428711,105.84522247314453,401.40559091781404,0.401,2,0.2535818388269372,108801,Sinh tố/Nước ép/Sữa,active,True,2026-04-17 09:00:00,2026-04-17 21:00:59,0
u011,hust_ta_quang_buu,afternoon,under_50k,taste|value_for_money,700.0,64917,Bing Long - Ice Cream & Tea - Trần Đại Nghĩa,"123 Trần Đại Nghĩa, Đồng Tâm, Hai Bà Trưng, Hà Nội",21.002470016479492,105.84488677978516,405.61917273903924,0.406,3,0.2535792636944778,53108,Trà sữa,active,True,2026-04-17 09:00:00,2026-04-17 22:00:59,25000
u011,hust_ta_quang_buu,afternoon,under_50k,taste|value_for_money,700.0,67067,Ka Tea - Trà Trái Cây Nhiệt Đới - Đại Cồ Việt,"58 Đại Cồ Việt, Phường Lê Đại Hành, Quận Hai Bà Trưng, Hà Nội",21.0085506439209,105.84781646728516,414.3709032193405,0.414,4,0.2535740820213732,54950,Cà Phê/Trà,active,True,2026-04-17 16:30:00,2026-04-17 22:00:59,25000
u011,hust_ta_quang_buu,afternoon,under_50k,taste|value_for_money,700.0,82559,Oet O Oet - Drink & Food - Giải Phóng,"72 Ngõ 24 Giải Phóng, Phường Phương Mai, Quận Đống Đa, Hà Nội",21.005590438842773,105.84042358398438,457.39115841709224,0.457,5,0.2535514876283361,68127,Trà sữa,stop,True,2026-04-17 09:00:00,2026-04-17 17:00:59,19000
u012,hust_ta_quang_buu,dinner,50k_100k,space|staff_service|taste,1000.0,129860,You Tea - Trần Đại Nghĩa,"75 Trần Đại Nghĩa, Phường Bạch Mai, Hà Nội",21.00589942932129,105.84583282470703,126.03080140011902,0.126,1,0.1957872106520451,107206,Cà Phê/Trà,active,True,2026-04-17 08:00:00,2026-04-17 22:00:59,0
u012,hust_ta_quang_buu,dinner,50k_100k,space|staff_service|taste,1000.0,92263,Đồ Ăn Vặt Lay Mart - Đại Cồ Việt,"31 Ngõ 66 Đại Cồ Việt, Phường Lê Đại Hành, Quận Hai Bà Trưng, Hà Nội",21.00882911682129,105.84713745117188,318.2395882831797,0.318,2,0.19531324435837605,76464,Ăn vặt,active,False,2026-04-17 07:00:00,2026-04-17 23:59:59,49000
u012,hust_ta_quang_buu,dinner,50k_100k,space|staff_service|taste,1000.0,67067,Ka Tea - Trà Trái Cây Nhiệt Đới - Đại Cồ Việt,"58 Đại Cồ Việt, Phường Lê Đại Hành, Quận Hai Bà Trưng, Hà Nội",21.0085506439209,105.84781646728516,351.7359926188949,0.352,3,0.19528349814618448,54950,Cà Phê/Trà,active,True,2026-04-17 16:30:00,2026-04-17 22:00:59,25000
u012,hust_ta_quang_buu,dinner,50k_100k,space|staff_service|taste,1000.0,22758,PhuongKitchen - Cơm & Đồ Ăn Vặt - Ngõ Chùa Liên Phái Bạch Mai,"22 Ngách 55 Ngõ Chùa Liên Phái Bạch Mai, Phường Cầu Dền, Quận Hai Bà Trưng, Hà Nội",21.004640579223633,105.8488998413086,465.13638880415783,0.465,4,0.195214529486223,12340,Cơm/Cơm tấm,active,True,2026-04-17 10:00:00,2026-04-17 23:59:59,47000
u012,hust_ta_quang_buu,dinner,50k_100k,space|staff_service|taste,1000.0,131660,"Tiệm Thỏ - Fruit Juice, Tea & Coffee - Tạ Quang Bửu","Số Nhà 98 Ngõ 40 Tạ Quang Bửu, Phường Bạch Mai, Hà Nội",21.00252914428711,105.84522247314453,469.77173002444516,0.47,5,0.1952124171729573,108801,Sinh tố/Nước ép/Sữa,active,True,2026-04-17 09:00:00,2026-04-17 21:00:59,0
u013,hust_le_thanh_nghi,lunch,under_50k,value_for_money|staff_service,800.0,31947,Kufoodd - Mì Trộn Indomie & Đồ Ăn Nhanh - Đê Tô Hoàng,"22 Ngách 62B Ngõ 219 Đê Tô Hoàng, P. Cầu Dền, Hai Bà Trưng, Hà Nội",21.005510330200195,105.84844207763672,291.0985894745135,0.291,1,0.2536756834972964,23773,Bún/Phở/Mỳ/Cháo,active,True,2026-04-17 14:00:00,2026-04-17 22:30:59,38000
u013,hust_le_thanh_nghi,lunch,under_50k,value_for_money|staff_service,800.0,32441,Mì Cay Seoul - Trần Đại Nghĩa,"91 Trần Đại Nghĩa, Bách Khoa, Hai Bà Trưng, Hà Nội",21.004289627075195,105.8455581665039,308.198570507283,0.308,2,0.25365675009375344,24171,Bún/Phở/Mỳ/Cháo,active,True,2026-04-17 09:00:00,2026-04-17 22:30:59,33000
u013,hust_le_thanh_nghi,lunch,under_50k,value_for_money|staff_service,800.0,40268,Xuân Food - Mì Trộn Indomie - Tạ Quang Bửu,"5 ngõ 17 Tạ Quang Bửu, Bách Khoa, Hai Bà Trưng, Hà Nội",21.00433921813965,105.84838104248047,376.9121589155888,0.377,3,0.25359794508937455,31064,Bún/Phở/Mỳ/Cháo,active,False,2026-04-18 00:00:00,2026-04-17 23:59:59,30000
u013,hust_le_thanh_nghi,lunch,under_50k,value_for_money|staff_service,800.0,113989,"Đi Ăn Chay Đi - Cơm Chay, Bún & Bánh Mì Chay - 57 Chùa Liên Phái","57 Ngõ Chùa Liên Phái, Phường Bách Khoa, Quận Hai Bà Trưng, Hà Nội",21.00493049621582,105.8494873046875,417.078393919775,0.417,4,0.25357252292421945,92923,Món chay,active,True,2026-04-17 09:00:00,2026-04-17 21:00:59,0
u013,hust_le_thanh_nghi,lunch,under_50k,value_for_money|staff_service,800.0,72995,2Mlem - Đồ Ăn Vặt & Mì - Đê Tô Hoàng,"25 Ngõ 67 Đê Tô Hoàng, Phường Cầu Dền, Quận Hai Bà Trưng, Hà Nội",21.007020950317383,105.850341796875,436.0124765368573,0.436,5,0.25356215975218627,60048,Ăn vặt,active,True,2026-04-17 10:30:00,2026-04-17 22:30:59,0
u014,hust_le_thanh_nghi,lunch,under_50k,value_for_money|taste,900.0,113989,"Đi Ăn Chay Đi - Cơm Chay, Bún & Bánh Mì Chay - 57 Chùa Liên Phái","57 Ngõ Chùa Liên Phái, Phường Bách Khoa, Quận Hai Bà Trưng, Hà Nội",21.00493049621582,105.8494873046875,419.881633808989,0.42,1,0.3902375964926172,92923,Món chay,active,True,2026-04-17 09:00:00,2026-04-17 21:00:59,0
u014,hust_le_thanh_nghi,lunch,under_50k,value_for_money|taste,900.0,47053,Bee Quán - Bún Sườn Chua Trộn & Cháo Sườn - Ngõ Thái Lợi,"18 Ngõ Thái Lợi, Tổ dân phố 3A+Tổ dân phố 3B, Bạch Mai, Hai Bà Trưng, Hà Nội, Việt Nam",21.001419067382812,105.85121154785156,831.2569131347932,0.831,2,0.39012015520498755,37356,Bún/Phở/Mỳ/Cháo,active,True,2026-04-17 06:30:00,2026-04-17 22:30:59,45500
u014,hust_le_thanh_nghi,lunch,under_50k,value_for_money|taste,900.0,9934,Bún Bò Huế Lan Chi - Đại Cồ Việt,"51 Đại Cồ Việt, Bách Khoa, Hai Bà Trưng, Hà Nội, Việt Nam",21.007829666137695,105.84684753417969,58.855234970886706,0.059,3,0.196670697643216,3659,Bún/Phở/Mỳ/Cháo,active,True,2026-04-17 06:00:00,2026-04-17 23:00:59,45000
u014,hust_le_thanh_nghi,lunch,under_50k,value_for_money|taste,900.0,7160,Bún Chả Mẹ Nga - Vân Hồ 3,"90a Phố Vân Hồ 3, Lê Đại Hành, Hai Bà Trưng, Hà Nội, Việt Nam",21.00921058654785,105.84625244140625,198.16108500023515,0.198,4,0.1955021061217852,110,Bún/Phở/Mỳ/Cháo,active,True,2026-04-17 07:30:00,2026-04-17 21:00:59,67000
u014,hust_le_thanh_nghi,lunch,under_50k,value_for_money|taste,900.0,130783,Bún Bò Huế Cố Đô 1 - Tạ Quang Bửu,"Số 10 Tạ Quang Bửu, Phường Bạch Mai, Hà Nội",21.005460739135742,105.84712219238281,230.37977011131335,0.23,5,0.1954321899012688,108026,Bún/Phở/Mỳ/Cháo,active,True,2026-04-17 08:00:00,2026-04-17 22:00:59,0
u015,hust_le_thanh_nghi,lunch,under_50k,staff_service|value_for_money,700.0,117526,Bếp Bé Bếu - Cơm & Bánh Mì Nướng Trung Hoa - Lê Thanh Nghị,"40 Lê Thanh Nghị, Phường Bạch Mai, Hà Nội",21.003389358520508,105.84977722167969,560.0272940234004,0.56,1,0.7601782444474009,96266,Cơm/Cơm tấm,active,True,2026-04-17 18:00:00,2026-04-17 21:40:59,0
u015,hust_le_thanh_nghi,lunch,under_50k,staff_service|value_for_money,700.0,40268,Xuân Food - Mì Trộn Indomie - Tạ Quang Bửu,"5 ngõ 17 Tạ Quang Bửu, Bách Khoa, Hai Bà Trưng, Hà Nội",21.00433921813965,105.84838104248047,391.31680576115514,0.391,2,0.5069215627061212,31064,Bún/Phở/Mỳ/Cháo,active,False,2026-04-18 00:00:00,2026-04-17 23:59:59,30000
u015,hust_le_thanh_nghi,lunch,under_50k,staff_service|value_for_money,700.0,6930,Kombo cơm niêu Singapore - 46 Trần Đại Nghĩa,"46 Trần Đại Nghĩa, P. Đồng Tâm, Q. Hai Bà Trưng, Hà Nội",21.002059936523438,105.8447265625,619.9645679270469,0.62,3,0.5068277064508427,24,Cơm/Cơm tấm,active,True,2026-04-17 09:30:00,2026-04-17 21:30:59,48600
u015,hust_le_thanh_nghi,lunch,under_50k,staff_service|value_for_money,700.0,111026,Cơm Ngon Hà Nội - Bà Triệu,"203 Bà Triệu, Phường Lê Đại Hành, Quận Hai Bà Trưng, Hà Nội",21.008880615234375,105.8490982055664,317.3536419490737,0.317,4,0.25364744941941847,90556,Cơm/Cơm tấm,active,True,2026-04-17 09:00:00,2026-04-17 21:30:59,0
u015,hust_le_thanh_nghi,lunch,under_50k,staff_service|value_for_money,700.0,8919,Cơm Sạch Mẹ Shin - Tô Hoàng,"Sn 50 Ngõ Tô Hoàng, Phường Cầu Dền, Quận Hai Bà Trưng, Hà Nội",21.006669998168945,105.84989166259766,361.5699716305897,0.362,5,0.2536091421642474,3617,Cơm/Cơm tấm,active,True,2026-04-17 10:00:00,2026-04-17 21:00:59,65000
u016,hust_le_thanh_nghi,afternoon,50k_100k,work_friendly|space|cleanliness,1200.0,55021,Tan.Coffee - Cafe Ngon & Nước Ép - Tô Hiến Thành,"29 Tô Hiến Thành, P.Nguyễn Du, Q.Hai Bà Trưng, Hà Nội",21.013429641723633,105.85002136230469,712.1149891571483,0.712,1,0.5068068965055011,44774,Cà Phê/Trà,active,True,2026-04-17 07:10:00,2026-04-17 17:50:59,30000
u016,hust_le_thanh_nghi,afternoon,50k_100k,work_friendly|space|cleanliness,1200.0,99491,Svn Coffee - Cafe Pha Máy - Khu Tập Thể Bách Khoa,"112 K2 Khu Tập Thể Bách Khoa, Ngõ 48 Tạ Quang Bửu, Bách Khoa, Hai Bà Trưng, Hà Nội",21.00157928466797,105.84927368164062,802.1333535676634,0.802,2,0.50679117899025,82414,Cà Phê/Trà,active,True,2026-04-17 07:30:00,2026-04-17 18:00:59,25000
u016,hust_le_thanh_nghi,afternoon,50k_100k,work_friendly|space|cleanliness,1200.0,132692,Ghé Coffee - Cà Phê Mang Đi - Tạ Quang Bửu,"Số 10 Tạ Quang Bửu, Phường Bạch Mai, Hà Nội",21.00555992126465,105.84696960449219,302.74915131508953,0.303,3,0.25366255236017515,109754,Cà Phê/Trà,active,True,2026-04-17 06:00:00,2026-04-17 23:59:59,0
u016,hust_le_thanh_nghi,afternoon,50k_100k,work_friendly|space|cleanliness,1200.0,62366,The Tryst Coffee & Desserts - Đại Cồ Việt,"32A-34 Đại Cồ Việt, Phường Lê Đại Hành, Hai Bà Trưng, Hà Nội",21.008779525756836,105.84921264648438,328.5439534776927,0.329,4,0.2536367829913977,50935,Cà Phê/Trà,active,True,2026-04-17 09:00:00,2026-04-17 22:00:59,62500
u016,hust_le_thanh_nghi,afternoon,50k_100k,work_friendly|space|cleanliness,1200.0,120238,Rosier Fresh Tea & Coffee - Đoàn Trần Nghiệp,"25 Đoàn Trần Nghiệp, Phường Hai Bà Trưng, Hà Nội",21.011789321899414,105.84822082519531,458.49406494169364,0.458,5,0.25355096400069066,98715,Trà sữa,active,True,2026-04-17 07:00:00,2026-04-17 22:00:59,0
u017,hust_le_thanh_nghi,afternoon,under_50k,taste|value_for_money,700.0,129860,You Tea - Trần Đại Nghĩa,"75 Trần Đại Nghĩa, Phường Bạch Mai, Hà Nội",21.00589942932129,105.84583282470703,119.44721598487656,0.119,1,0.25416357253132815,107206,Cà Phê/Trà,active,True,2026-04-17 08:00:00,2026-04-17 22:00:59,0
u017,hust_le_thanh_nghi,afternoon,under_50k,taste|value_for_money,700.0,67067,Ka Tea - Trà Trái Cây Nhiệt Đới - Đại Cồ Việt,"58 Đại Cồ Việt, Phường Lê Đại Hành, Quận Hai Bà Trưng, Hà Nội",21.0085506439209,105.84781646728516,262.8749559919122,0.263,2,0.25371230071060524,54950,Cà Phê/Trà,active,True,2026-04-17 16:30:00,2026-04-17 22:00:59,25000
u017,hust_le_thanh_nghi,afternoon,under_50k,taste|value_for_money,700.0,126162,Tiệm Trà Cô Chiêu - Milk Tea & Ăn Vặt - Lê Thanh Nghị,"76 Lê Thanh Nghị, Phường Bạch Mai, Hà Nội",21.003490447998047,105.84834289550781,460.64542037580463,0.461,3,0.25354994980040146,103973,Cà Phê/Trà,active,True,2026-04-17 10:00:00,2026-04-17 22:00:59,0
u017,hust_le_thanh_nghi,afternoon,under_50k,taste|value_for_money,700.0,131660,"Tiệm Thỏ - Fruit Juice, Tea & Coffee - Tạ Quang Bửu","Số Nhà 98 Ngõ 40 Tạ Quang Bửu, Phường Bạch Mai, Hà Nội",21.00252914428711,105.84522247314453,499.2359244572491,0.499,4,0.2535332390080577,108801,Sinh tố/Nước ép/Sữa,active,True,2026-04-17 09:00:00,2026-04-17 21:00:59,0
u017,hust_le_thanh_nghi,afternoon,under_50k,taste|value_for_money,700.0,103957,Rak Cha Tea - Nguyễn Đình Chiểu,"87 Nguyễn Đình Chiểu, Phường Lê Đại Hành, Quận Hai Bà Trưng, Hà Nội",21.01152992248535,105.84606170654297,507.26962806935825,0.507,5,0.2535300793013736,85229,Trà sữa,active,True,2026-04-17 08:00:00,2026-04-17 22:00:59,0
u018,hust_le_thanh_nghi,dinner,50k_100k,space|staff_service|taste,1000.0,92263,Đồ Ăn Vặt Lay Mart - Đại Cồ Việt,"31 Ngõ 66 Đại Cồ Việt, Phường Lê Đại Hành, Quận Hai Bà Trưng, Hà Nội",21.00882911682129,105.84713745117188,154.16716623119837,0.154,1,0.19564446623875956,76464,Ăn vặt,active,True,2026-04-17 07:00:00,2026-04-17 23:59:59,49000
u018,hust_le_thanh_nghi,dinner,50k_100k,space|staff_service|taste,1000.0,67067,Ka Tea - Trà Trái Cây Nhiệt Đới - Đại Cồ Việt,"58 Đại Cồ Việt, Phường Lê Đại Hành, Quận Hai Bà Trưng, Hà Nội",21.0085506439209,105.84781646728516,158.7628864935599,0.159,2,0.19562592759929906,54950,Cà Phê/Trà,active,True,2026-04-17 16:30:00,2026-04-17 22:00:59,25000
u018,hust_le_thanh_nghi,dinner,50k_100k,space|staff_service|taste,1000.0,129860,You Tea - Trần Đại Nghĩa,"75 Trần Đại Nghĩa, Phường Bạch Mai, Hà Nội",21.00589942932129,105.84583282470703,202.54950227551194,0.203,3,0.1954912809851269,107206,Cà Phê/Trà,active,True,2026-04-17 08:00:00,2026-04-17 22:00:59,0
u018,hust_le_thanh_nghi,dinner,50k_100k,space|staff_service|taste,1000.0,22758,PhuongKitchen - Cơm & Đồ Ăn Vặt - Ngõ Chùa Liên Phái Bạch Mai,"22 Ngách 55 Ngõ Chùa Liên Phái Bạch Mai, Phường Cầu Dền, Quận Hai Bà Trưng, Hà Nội",21.004640579223633,105.8488998413086,382.93592879303776,0.383,4,0.19526046012498588,12340,Cơm/Cơm tấm,active,True,2026-04-17 10:00:00,2026-04-17 23:59:59,47000
u018,hust_le_thanh_nghi,dinner,50k_100k,space|staff_service|taste,1000.0,4389,Ding Tea - Lê Đại Hành,"23 Lê Đại Hành, Lê Đại Hành, Hai Bà Trưng, Hà Nội",21.009939193725586,105.84971618652344,407.52476560248397,0.408,5,0.19524478320146033,19156,Trà sữa,active,True,2026-04-17 10:00:00,2026-04-17 22:00:59,46000
u019,hust_giai_phong_gate,lunch,under_50k,value_for_money|staff_service,800.0,32441,Mì Cay Seoul - Trần Đại Nghĩa,"91 Trần Đại Nghĩa, Bách Khoa, Hai Bà Trưng, Hà Nội",21.004289627075195,105.8455581665039,107.96741581009631,0.108,1,0.25425103886261075,24171,Bún/Phở/Mỳ/Cháo,active,True,2026-04-17 09:00:00,2026-04-17 22:30:59,33000
u019,hust_giai_phong_gate,lunch,under_50k,value_for_money|staff_service,800.0,40268,Xuân Food - Mì Trộn Indomie - Tạ Quang Bửu,"5 ngõ 17 Tạ Quang Bửu, Bách Khoa, Hai Bà Trưng, Hà Nội",21.00433921813965,105.84838104248047,213.70941253854062,0.214,2,0.25379907910021743,31064,Bún/Phở/Mỳ/Cháo,active,False,2026-04-18 00:00:00,2026-04-17 23:59:59,30000
u019,hust_giai_phong_gate,lunch,under_50k,value_for_money|staff_service,800.0,31947,Kufoodd - Mì Trộn Indomie & Đồ Ăn Nhanh - Đê Tô Hoàng,"22 Ngách 62B Ngõ 219 Đê Tô Hoàng, P. Cầu Dền, Hai Bà Trưng, Hà Nội",21.005510330200195,105.84844207763672,286.96284528886565,0.287,3,0.25368060035627055,23773,Bún/Phở/Mỳ/Cháo,active,True,2026-04-17 14:00:00,2026-04-17 22:30:59,38000
u019,hust_giai_phong_gate,lunch,under_50k,value_for_money|staff_service,800.0,126679,Mì Cay Sassin 7 Cấp Độ Hàn Quốc - Bách Khoa,"104K9 Nguyễn Hiền, Phường Bạch Mai, Hà Nội",21.001110076904297,105.84723663330078,305.34811927521207,0.305,4,0.2536597593621158,104417,Bún/Phở/Mỳ/Cháo,active,True,2026-04-17 08:00:00,2026-04-17 22:00:59,0
u019,hust_giai_phong_gate,lunch,under_50k,value_for_money|staff_service,800.0,2188,Quán Ăn Quý - Mì Ý & Đồ Ăn Vặt Online - Lê Thanh Nghị," 107 E3 Lê Thanh Nghị, Phường Bách Khoa, Quận Hai Bà Trưng, Hà Nội",21.00326919555664,105.84954833984375,328.8968189451985,0.329,5,0.2536364584144412,3317,Ăn vặt,active,True,2026-04-17 08:00:00,2026-04-17 21:59:59,62500
u020,hust_giai_phong_gate,lunch,under_50k,value_for_money|taste,900.0,80180,"Quyên Phở Gà - Phở, Mì & Miến Trộn - Phố Vọng","52 Phố Vọng, Phương Mai, Đống Đa, Hà Nội",20.998409271240234,105.8421630859375,757.2565466461347,0.757,1,0.5851318814858141,66205,Bún/Phở/Mỳ/Cháo,active,False,2026-04-18 00:00:00,2026-04-17 23:59:59,45000
u020,hust_giai_phong_gate,lunch,under_50k,value_for_money|taste,900.0,47053,Bee Quán - Bún Sườn Chua Trộn & Cháo Sườn - Ngõ Thái Lợi,"18 Ngõ Thái Lợi, Tổ dân phố 3A+Tổ dân phố 3B, Bạch Mai, Hai Bà Trưng, Hà Nội, Việt Nam",21.001419067382812,105.85121154785156,482.4473058034963,0.482,2,0.39020684777596143,37356,Bún/Phở/Mỳ/Cháo,active,True,2026-04-17 06:30:00,2026-04-17 22:30:59,45500
u020,hust_giai_phong_gate,lunch,under_50k,value_for_money|taste,900.0,93168,Minh Sơn - Bún Trộn & Phở Chiên Phồng - Bạch Mai,"Số 9 Ngách 47 Ngõ 459 Bạch Mai, P. Bạch Mai, Hai Bà Trưng, Hà Nội",20.997589111328125,105.85108184814453,770.1651970200121,0.77,3,0.3901296739017612,77228,Bún/Phở/Mỳ/Cháo,active,True,2026-04-17 14:25:00,2026-04-17 17:00:59,47000
u020,hust_giai_phong_gate,lunch,under_50k,value_for_money|taste,900.0,86930,Bún Cá Cô Minh - Tạ Quang Bửu,"Số 3 Ngõ 40/2 Tạ Quang Bửu, Phường Bách Khoa, Quận Hai Bà Trưng, Hà Nội",21.003820419311523,105.84668731689453,60.5479650637653,0.061,4,0.19662474908628413,71846,Bún/Phở/Mỳ/Cháo,active,True,2026-04-17 07:00:00,2026-04-17 21:00:59,40000
u020,hust_giai_phong_gate,lunch,under_50k,value_for_money|taste,900.0,40268,Xuân Food - Mì Trộn Indomie - Tạ Quang Bửu,"5 ngõ 17 Tạ Quang Bửu, Bách Khoa, Hai Bà Trưng, Hà Nội",21.00433921813965,105.84838104248047,167.71114888062897,0.168,5,0.19559272905592479,31064,Bún/Phở/Mỳ/Cháo,active,False,2026-04-18 00:00:00,2026-04-17 23:59:59,30000
u021,hust_giai_phong_gate,lunch,under_50k,staff_service|value_for_money,700.0,117526,Bếp Bé Bếu - Cơm & Bánh Mì Nướng Trung Hoa - Lê Thanh Nghị,"40 Lê Thanh Nghị, Phường Bạch Mai, Hà Nội",21.003389358520508,105.84977722167969,295.5377164781186,0.296,1,0.7603372252312038,96266,Cơm/Cơm tấm,active,True,2026-04-17 18:00:00,2026-04-17 21:40:59,0
u021,hust_giai_phong_gate,lunch,under_50k,staff_service|value_for_money,700.0,40268,Xuân Food - Mì Trộn Indomie - Tạ Quang Bửu,"5 ngõ 17 Tạ Quang Bửu, Bách Khoa, Hai Bà Trưng, Hà Nội",21.00433921813965,105.84838104248047,140.60702086163974,0.141,2,0.50737284634188,31064,Bún/Phở/Mỳ/Cháo,active,False,2026-04-18 00:00:00,2026-04-17 23:59:59,30000
u021,hust_giai_phong_gate,lunch,under_50k,staff_service|value_for_money,700.0,6930,Kombo cơm niêu Singapore - 46 Trần Đại Nghĩa,"46 Trần Đại Nghĩa, P. Đồng Tâm, Q. Hai Bà Trưng, Hà Nội",21.002059936523438,105.8447265625,333.3257685630847,0.333,3,0.5069657761263705,24,Cơm/Cơm tấm,active,True,2026-04-17 09:30:00,2026-04-17 21:30:59,48600
u021,hust_giai_phong_gate,lunch,under_50k,staff_service|value_for_money,700.0,42458,Cơm Gà Xối Mỡ Mai Phương - Lê Thanh Nghị,"62 Phố Lê Thanh Nghị, Bách Khoa, Hai Bà Trưng, Hà Nội, Việt Nam",21.00358009338379,105.84855651855469,168.63971587139307,0.169,4,0.2539228179330117,33040,Cơm/Cơm tấm,active,True,2026-04-17 10:30:00,2026-04-17 22:00:59,47000
u021,hust_giai_phong_gate,lunch,under_50k,staff_service|value_for_money,700.0,22758,PhuongKitchen - Cơm & Đồ Ăn Vặt - Ngõ Chùa Liên Phái Bạch Mai,"22 Ngách 55 Ngõ Chùa Liên Phái Bạch Mai, Phường Cầu Dền, Quận Hai Bà Trưng, Hà Nội",21.004640579223633,105.8488998413086,200.6589208192206,0.201,5,0.2538292201485248,12340,Cơm/Cơm tấm,active,True,2026-04-17 10:00:00,2026-04-17 23:59:59,47000
u022,hust_giai_phong_gate,afternoon,50k_100k,work_friendly|space|cleanliness,1200.0,99491,Svn Coffee - Cafe Pha Máy - Khu Tập Thể Bách Khoa,"112 K2 Khu Tập Thể Bách Khoa, Ngõ 48 Tạ Quang Bửu, Bách Khoa, Hai Bà Trưng, Hà Nội",21.00157928466797,105.84927368164062,325.7661555070875,0.326,1,0.5069726959120908,82414,Cà Phê/Trà,active,True,2026-04-17 07:30:00,2026-04-17 18:00:59,25000
u022,hust_giai_phong_gate,afternoon,50k_100k,work_friendly|space|cleanliness,1200.0,55021,Tan.Coffee - Cafe Ngon & Nước Ép - Tô Hiến Thành,"29 Tô Hiến Thành, P.Nguyễn Du, Q.Hai Bà Trưng, Hà Nội",21.013429641723633,105.85002136230469,1150.4998610747214,1.15,2,0.5067535099250815,44774,Cà Phê/Trà,active,True,2026-04-17 07:10:00,2026-04-17 17:50:59,30000
u022,hust_giai_phong_gate,afternoon,50k_100k,work_friendly|space|cleanliness,1200.0,25223,The Coffee House - Lê Thanh Nghị,"92 Phố Lê Thanh Nghị, Bách Khoa, Hai Bà Trưng, Hà Nội, Việt Nam",21.003480911254883,105.84786987304688,100.2361287099729,0.1,3,0.2543211229818933,4245,Cà Phê/Trà,active,True,2026-04-17 07:30:00,2026-04-17 21:30:59,49000
u022,hust_giai_phong_gate,afternoon,50k_100k,work_friendly|space|cleanliness,1200.0,103976,"Thego Tagom Cafe - Matcha, Trà & Bánh - Lê Thanh Nghị","Số 25 ngõ 104 Lê Thanh Nghị, Phường Bách Khoa, Quận Hai Bà Trưng, Hà Nội",21.002689361572266,105.8458023071289,145.69137581077288,0.146,4,0.2540150366676111,85245,Cà Phê/Trà,active,True,2026-04-17 08:00:00,2026-04-17 20:00:59,0
u022,hust_giai_phong_gate,afternoon,50k_100k,work_friendly|space|cleanliness,1200.0,28819,Highlands Coffee -  Trần Đại Nghĩa,"91 Phố Trần Đại Nghĩa, Bách Khoa, Hai Bà Trưng, Hà Nội, Việt Nam",21.00411033630371,105.84559631347656,151.78785356135066,0.152,5,0.2539878356230709,19165,Cà Phê/Trà,active,True,2026-04-17 07:30:00,2026-04-17 22:45:59,39000
u023,hust_giai_phong_gate,afternoon,under_50k,taste|value_for_money,700.0,126162,Tiệm Trà Cô Chiêu - Milk Tea & Ăn Vặt - Lê Thanh Nghị,"76 Lê Thanh Nghị, Phường Bạch Mai, Hà Nội",21.003490447998047,105.84834289550781,155.25880670248688,0.155,1,0.25397329726311296,103973,Cà Phê/Trà,active,True,2026-04-17 10:00:00,2026-04-17 22:00:59,0
u023,hust_giai_phong_gate,afternoon,under_50k,taste|value_for_money,700.0,131660,"Tiệm Thỏ - Fruit Juice, Tea & Coffee - Tạ Quang Bửu","Số Nhà 98 Ngõ 40 Tạ Quang Bửu, Phường Bạch Mai, Hà Nội",21.00252914428711,105.84522247314453,227.85948606818638,0.228,2,0.2537702826672587,108801,Sinh tố/Nước ép/Sữa,active,True,2026-04-17 09:00:00,2026-04-17 21:00:59,0
u023,hust_giai_phong_gate,afternoon,under_50k,taste|value_for_money,700.0,129860,You Tea - Trần Đại Nghĩa,"75 Trần Đại Nghĩa, Phường Bạch Mai, Hà Nội",21.00589942932129,105.84583282470703,253.06271169793726,0.253,3,0.2537269369414019,107206,Cà Phê/Trà,active,True,2026-04-17 08:00:00,2026-04-17 22:00:59,0
u023,hust_giai_phong_gate,afternoon,under_50k,taste|value_for_money,700.0,64917,Bing Long - Ice Cream & Tea - Trần Đại Nghĩa,"123 Trần Đại Nghĩa, Đồng Tâm, Hai Bà Trưng, Hà Nội",21.002470016479492,105.84488677978516,259.30194496354,0.259,4,0.25371750257192277,53108,Trà sữa,active,True,2026-04-17 09:00:00,2026-04-17 22:00:59,25000
u023,hust_giai_phong_gate,afternoon,under_50k,taste|value_for_money,700.0,78552,1920 Coffee And Tea - Nguyễn Hiền,"103 K1 Nguyễn Hiền, Phường Bách Khoa, Quận Hai Bà Trưng, Hà Nội",21.001720428466797,105.84841918945312,284.828944661114,0.285,5,0.2536831929324672,64722,Cà Phê/Trà,active,True,2026-04-17 07:00:00,2026-04-17 22:30:59,30000
u024,hust_giai_phong_gate,dinner,50k_100k,space|staff_service|taste,1000.0,126162,Tiệm Trà Cô Chiêu - Milk Tea & Ăn Vặt - Lê Thanh Nghị,"76 Lê Thanh Nghị, Phường Bạch Mai, Hà Nội",21.003490447998047,105.84834289550781,168.82895923415995,0.169,1,0.19558882772673725,103973,Cà Phê/Trà,active,True,2026-04-17 10:00:00,2026-04-17 22:00:59,0
u024,hust_giai_phong_gate,dinner,50k_100k,space|staff_service|taste,1000.0,22758,PhuongKitchen - Cơm & Đồ Ăn Vặt - Ngõ Chùa Liên Phái Bạch Mai,"22 Ngách 55 Ngõ Chùa Liên Phái Bạch Mai, Phường Cầu Dền, Quận Hai Bà Trưng, Hà Nội",21.004640579223633,105.8488998413086,213.44133603273875,0.213,2,0.1954663280030336,12340,Cơm/Cơm tấm,active,True,2026-04-17 10:00:00,2026-04-17 23:59:59,47000
u024,hust_giai_phong_gate,dinner,50k_100k,space|staff_service|taste,1000.0,129860,You Tea - Trần Đại Nghĩa,"75 Trần Đại Nghĩa, Phường Bạch Mai, Hà Nội",21.00589942932129,105.84583282470703,219.83505119925508,0.22,3,0.1954528266661336,107206,Cà Phê/Trà,active,True,2026-04-17 08:00:00,2026-04-17 22:00:59,0
u024,hust_giai_phong_gate,dinner,50k_100k,space|staff_service|taste,1000.0,131660,"Tiệm Thỏ - Fruit Juice, Tea & Coffee - Tạ Quang Bửu","Số Nhà 98 Ngõ 40 Tạ Quang Bửu, Phường Bạch Mai, Hà Nội",21.00252914428711,105.84522247314453,254.04463111079912,0.254,4,0.1953920882379075,108801,Sinh tố/Nước ép/Sữa,active,True,2026-04-17 09:00:00,2026-04-17 21:00:59,0
u024,hust_giai_phong_gate,dinner,50k_100k,space|staff_service|taste,1000.0,64917,Bing Long - Ice Cream & Tea - Trần Đại Nghĩa,"123 Trần Đại Nghĩa, Đồng Tâm, Hai Bà Trưng, Hà Nội",21.002470016479492,105.84488677978516,283.4936683778305,0.283,5,0.1953515016716196,53108,Trà sữa,active,True,2026-04-17 09:00:00,2026-04-17 22:00:59,25000
u025,hust_bach_mai_side,lunch,under_50k,value_for_money|staff_service,800.0,40268,Xuân Food - Mì Trộn Indomie - Tạ Quang Bửu,"5 ngõ 17 Tạ Quang Bửu, Bách Khoa, Hai Bà Trưng, Hà Nội",21.00433921813965,105.84838104248047,64.88037210539396,0.065,1,0.2548512361138462,31064,Bún/Phở/Mỳ/Cháo,active,False,2026-04-18 00:00:00,2026-04-17 23:59:59,30000
u025,hust_bach_mai_side,lunch,under_50k,value_for_money|staff_service,800.0,31947,Kufoodd - Mì Trộn Indomie & Đồ Ăn Nhanh - Đê Tô Hoàng,"22 Ngách 62B Ngõ 219 Đê Tô Hoàng, P. Cầu Dền, Hai Bà Trưng, Hà Nội",21.005510330200195,105.84844207763672,70.75263878502687,0.071,2,0.2547270103003868,23773,Bún/Phở/Mỳ/Cháo,active,True,2026-04-17 14:00:00,2026-04-17 22:30:59,38000
u025,hust_bach_mai_side,lunch,under_50k,value_for_money|staff_service,800.0,113989,"Đi Ăn Chay Đi - Cơm Chay, Bún & Bánh Mì Chay - 57 Chùa Liên Phái","57 Ngõ Chùa Liên Phái, Phường Bách Khoa, Quận Hai Bà Trưng, Hà Nội",21.00493049621582,105.8494873046875,130.5038322403862,0.131,3,0.254093767446137,92923,Món chay,active,True,2026-04-17 09:00:00,2026-04-17 21:00:59,0
u025,hust_bach_mai_side,lunch,under_50k,value_for_money|staff_service,800.0,2188,Quán Ăn Quý - Mì Ý & Đồ Ăn Vặt Online - Lê Thanh Nghị," 107 E3 Lê Thanh Nghị, Phường Bách Khoa, Quận Hai Bà Trưng, Hà Nội",21.00326919555664,105.84954833984375,227.6456575794557,0.228,4,0.25377069130049806,3317,Ăn vặt,active,True,2026-04-17 08:00:00,2026-04-17 21:59:59,62500
u025,hust_bach_mai_side,lunch,under_50k,value_for_money|staff_service,800.0,32441,Mì Cay Seoul - Trần Đại Nghĩa,"91 Trần Đại Nghĩa, Bách Khoa, Hai Bà Trưng, Hà Nội",21.004289627075195,105.8455581665039,285.72267338064256,0.286,5,0.25368210240283495,24171,Bún/Phở/Mỳ/Cháo,active,True,2026-04-17 09:00:00,2026-04-17 22:30:59,33000
u026,hust_bach_mai_side,lunch,under_50k,value_for_money|taste,900.0,47053,Bee Quán - Bún Sườn Chua Trộn & Cháo Sườn - Ngõ Thái Lợi,"18 Ngõ Thái Lợi, Tổ dân phố 3A+Tổ dân phố 3B, Bạch Mai, Hai Bà Trưng, Hà Nội, Việt Nam",21.001419067382812,105.85121154785156,464.44714530138907,0.464,1,0.39021484716580496,37356,Bún/Phở/Mỳ/Cháo,active,True,2026-04-17 06:30:00,2026-04-17 22:30:59,45500
u026,hust_bach_mai_side,lunch,under_50k,value_for_money|taste,900.0,93168,Minh Sơn - Bún Trộn & Phở Chiên Phồng - Bạch Mai,"Số 9 Ngách 47 Ngõ 459 Bạch Mai, P. Bạch Mai, Hai Bà Trưng, Hà Nội",20.997589111328125,105.85108184814453,838.5841597766545,0.839,2,0.39011910658250937,77228,Bún/Phở/Mỳ/Cháo,active,True,2026-04-17 14:25:00,2026-04-17 17:00:59,47000
u026,hust_bach_mai_side,lunch,under_50k,value_for_money|taste,900.0,40268,Xuân Food - Mì Trộn Indomie - Tạ Quang Bửu,"5 ngõ 17 Tạ Quang Bửu, Bách Khoa, Hai Bà Trưng, Hà Nội",21.00433921813965,105.84838104248047,44.76129751704192,0.045,3,0.1971852527228442,31064,Bún/Phở/Mỳ/Cháo,active,False,2026-04-18 00:00:00,2026-04-17 23:59:59,30000
u026,hust_bach_mai_side,lunch,under_50k,value_for_money|taste,900.0,31947,Kufoodd - Mì Trộn Indomie & Đồ Ăn Nhanh - Đê Tô Hoàng,"22 Ngách 62B Ngõ 219 Đê Tô Hoàng, P. Cầu Dền, Hai Bà Trưng, Hà Nội",21.005510330200195,105.84844207763672,86.86723535073331,0.087,4,0.1961380806463392,23773,Bún/Phở/Mỳ/Cháo,active,True,2026-04-17 14:00:00,2026-04-17 22:30:59,38000
u026,hust_bach_mai_side,lunch,under_50k,value_for_money|taste,900.0,73374,Cháo Ngon Cukking - Chùa Liên Phái,"81 Chùa Liên Phái, Phường Cầu Dền, Quận Hai Bà Trưng, Hà Nội",21.005130767822266,105.84925079345703,91.20882411988413,0.091,5,0.19608449490549829,60385,Bún/Phở/Mỳ/Cháo,active,False,2026-04-18 00:00:00,2026-04-17 23:00:59,35000
u027,hust_bach_mai_side,lunch,under_50k,staff_service|value_for_money,700.0,117526,Bếp Bé Bếu - Cơm & Bánh Mì Nướng Trung Hoa - Lê Thanh Nghị,"40 Lê Thanh Nghị, Phường Bạch Mai, Hà Nội",21.003389358520508,105.84977722167969,189.0201618014471,0.189,1,0.760526259945534,96266,Cơm/Cơm tấm,active,True,2026-04-17 18:00:00,2026-04-17 21:40:59,0
u027,hust_bach_mai_side,lunch,under_50k,staff_service|value_for_money,700.0,40268,Xuân Food - Mì Trộn Indomie - Tạ Quang Bửu,"5 ngõ 17 Tạ Quang Bửu, Bách Khoa, Hai Bà Trưng, Hà Nội",21.00433921813965,105.84838104248047,55.37267114576954,0.055,2,0.5084405758671269,31064,Bún/Phở/Mỳ/Cháo,active,False,2026-04-18 00:00:00,2026-04-17 23:59:59,30000
u027,hust_bach_mai_side,lunch,under_50k,staff_service|value_for_money,700.0,6930,Kombo cơm niêu Singapore - 46 Trần Đại Nghĩa,"46 Trần Đại Nghĩa, P. Đồng Tâm, Q. Hai Bà Trưng, Hà Nội",21.002059936523438,105.8447265625,404.1829567353831,0.404,3,0.5069134687552976,24,Cơm/Cơm tấm,active,True,2026-04-17 09:30:00,2026-04-17 21:30:59,48600
u027,hust_bach_mai_side,lunch,under_50k,staff_service|value_for_money,700.0,9606,Cơm Ngon Quang Thắng,"108Y9 Ngõ Tự Do, Phường Đồng Tâm, Quận Hai Bà Trưng, Hà Nội",20.998140335083008,105.84689331054688,656.562751836258,0.657,4,0.5068187434072069,3679,Cơm/Cơm tấm,active,True,2026-04-17 17:00:00,2026-04-17 21:00:59,40000
u027,hust_bach_mai_side,lunch,under_50k,staff_service|value_for_money,700.0,42458,Cơm Gà Xối Mỡ Mai Phương - Lê Thanh Nghị,"62 Phố Lê Thanh Nghị, Bách Khoa, Hai Bà Trưng, Hà Nội, Việt Nam",21.00358009338379,105.84855651855469,65.86772172722112,0.066,5,0.25482882319625905,33040,Cơm/Cơm tấm,active,True,2026-04-17 10:30:00,2026-04-17 22:00:59,47000
u028,hust_bach_mai_side,afternoon,50k_100k,work_friendly|space|cleanliness,1200.0,99491,Svn Coffee - Cafe Pha Máy - Khu Tập Thể Bách Khoa,"112 K2 Khu Tập Thể Bách Khoa, Ngõ 48 Tạ Quang Bửu, Bách Khoa, Hai Bà Trưng, Hà Nội",21.00157928466797,105.84927368164062,342.82255005728325,0.343,1,0.5069575143727968,82414,Cà Phê/Trà,active,True,2026-04-17 07:30:00,2026-04-17 18:00:59,25000
u028,hust_bach_mai_side,afternoon,50k_100k,work_friendly|space|cleanliness,1200.0,55021,Tan.Coffee - Cafe Ngon & Nước Ép - Tô Hiến Thành,"29 Tô Hiến Thành, P.Nguyễn Du, Q.Hai Bà Trưng, Hà Nội",21.013429641723633,105.85002136230469,1028.9078816084639,1.029,2,0.5067637627291259,44774,Cà Phê/Trà,active,True,2026-04-17 07:10:00,2026-04-17 17:50:59,30000
u028,hust_bach_mai_side,afternoon,50k_100k,work_friendly|space|cleanliness,1200.0,25223,The Coffee House - Lê Thanh Nghị,"92 Phố Lê Thanh Nghị, Bách Khoa, Hai Bà Trưng, Hà Nội, Việt Nam",21.003480911254883,105.84786987304688,100.99400939331444,0.101,3,0.25431378307341923,4245,Cà Phê/Trà,active,True,2026-04-17 07:30:00,2026-04-17 21:30:59,49000
u028,hust_bach_mai_side,afternoon,50k_100k,work_friendly|space|cleanliness,1200.0,132692,Ghé Coffee - Cà Phê Mang Đi - Tạ Quang Bửu,"Số 10 Tạ Quang Bửu, Phường Bạch Mai, Hà Nội",21.00555992126465,105.84696960449219,162.9496255989064,0.163,4,0.253943276781723,109754,Cà Phê/Trà,active,True,2026-04-17 06:00:00,2026-04-17 23:59:59,0
u028,hust_bach_mai_side,afternoon,50k_100k,work_friendly|space|cleanliness,1200.0,125252,Linh Tinh - Coffee & Trà Chanh - Nguyễn Hiền,"Số 2 Nguyễn Hiền, Phường Bạch Mai, Hà Nội ",21.001970291137695,105.84850311279297,275.7719104623641,0.276,5,0.25369464167503947,103199,Cà Phê/Trà,active,True,2026-04-17 07:00:00,2026-04-17 23:00:59,0
u029,hust_bach_mai_side,afternoon,under_50k,taste|value_for_money,700.0,126162,Tiệm Trà Cô Chiêu - Milk Tea & Ăn Vặt - Lê Thanh Nghị,"76 Lê Thanh Nghị, Phường Bạch Mai, Hà Nội",21.003490447998047,105.84834289550781,122.63434598884625,0.123,1,0.25414217006231976,103973,Cà Phê/Trà,active,True,2026-04-17 10:00:00,2026-04-17 22:00:59,0
u029,hust_bach_mai_side,afternoon,under_50k,taste|value_for_money,700.0,78552,1920 Coffee And Tea - Nguyễn Hiền,"103 K1 Nguyễn Hiền, Phường Bách Khoa, Quận Hai Bà Trưng, Hà Nội",21.001720428466797,105.84841918945312,310.0230849031048,0.31,2,0.25365485287594586,64722,Cà Phê/Trà,active,True,2026-04-17 07:00:00,2026-04-17 22:30:59,30000
u029,hust_bach_mai_side,afternoon,under_50k,taste|value_for_money,700.0,103271,Gà Rán Orinchi - Quán Ăn Hàn Quốc - Tạ Quang Bửu,"112b K2 - 48 Tạ Quang Bửu, phường Bách Khoa, Quận Hai Bà Trưng, Hà Nội",21.001480102539062,105.84932708740234,336.47343284654374,0.336,3,0.253629652955167,84718,Ẩm thực quốc tế,active,True,2026-04-17 09:00:00,2026-04-17 23:30:59,15000
u029,hust_bach_mai_side,afternoon,under_50k,taste|value_for_money,700.0,129860,You Tea - Trần Đại Nghĩa,"75 Trần Đại Nghĩa, Phường Bạch Mai, Hà Nội",21.00589942932129,105.84583282470703,353.0169163713221,0.353,4,0.2536158057107129,107206,Cà Phê/Trà,active,True,2026-04-17 08:00:00,2026-04-17 22:00:59,0
u029,hust_bach_mai_side,afternoon,under_50k,taste|value_for_money,700.0,4633,Trà Sữa Feeling Tea - Bạch Mai,"307C Bạch Mai, Phường Bạch Mai, Quận Hai Bà Trưng, Hà Nội",21.001760482788086,105.8508071899414,362.6493735653827,0.363,5,0.25360832349492646,19371,Trà sữa,active,True,2026-04-17 08:30:00,2026-04-17 22:30:59,31000
u030,hust_bach_mai_side,dinner,50k_100k,space|staff_service|taste,1000.0,22758,PhuongKitchen - Cơm & Đồ Ăn Vặt - Ngõ Chùa Liên Phái Bạch Mai,"22 Ngách 55 Ngõ Chùa Liên Phái Bạch Mai, Phường Cầu Dền, Quận Hai Bà Trưng, Hà Nội",21.004640579223633,105.8488998413086,55.13527474597705,0.055,1,0.19678141107267258,12340,Cơm/Cơm tấm,active,True,2026-04-17 10:00:00,2026-04-17 23:59:59,47000
u030,hust_bach_mai_side,dinner,50k_100k,space|staff_service|taste,1000.0,126162,Tiệm Trà Cô Chiêu - Milk Tea & Ăn Vặt - Lê Thanh Nghị,"76 Lê Thanh Nghị, Phường Bạch Mai, Hà Nội",21.003490447998047,105.84834289550781,85.63098335729796,0.086,2,0.1961543214231745,103973,Cà Phê/Trà,active,True,2026-04-17 10:00:00,2026-04-17 22:00:59,0
u030,hust_bach_mai_side,dinner,50k_100k,space|staff_service|taste,1000.0,78552,1920 Coffee And Tea - Nguyễn Hiền,"103 K1 Nguyễn Hiền, Phường Bách Khoa, Quận Hai Bà Trưng, Hà Nội",21.001720428466797,105.84841918945312,277.78293532466006,0.278,3,0.19535870201267358,64722,Cà Phê/Trà,active,True,2026-04-17 07:00:00,2026-04-17 22:30:59,30000
u030,hust_bach_mai_side,dinner,50k_100k,space|staff_service|taste,1000.0,129860,You Tea - Trần Đại Nghĩa,"75 Trần Đại Nghĩa, Phường Bạch Mai, Hà Nội",21.00589942932129,105.84583282470703,346.3061495453311,0.346,4,0.1952879304041432,107206,Cà Phê/Trà,active,True,2026-04-17 08:00:00,2026-04-17 22:00:59,0
u030,hust_bach_mai_side,dinner,50k_100k,space|staff_service|taste,1000.0,62733,Ngược Nắng Coffee & Tea - Tạ Quang Bửu,"109K2 Ngõ 48 Tạ Quang Bửu, Phường Bách Khoa, Hai Bà Trưng, Hà Nội",21.001100540161133,105.84912109375,349.45240675413714,0.349,5,0.19528534545083082,51265,Cà Phê/Trà,active,True,2026-04-17 08:30:00,2026-04-17 23:00:59,36500
