input_store_id,input_store_name,input_address,matched_foody_url,crawl_status,error,restaurant_id,name,url,title_page,meta_description,address,city,district,area,lat,lng,phone,website,price_min,price_max,avg_rating,total_review,total_view,brand_name,access_guide,meta_keywords,categories,cuisines,audiences,wifi,opening_hours,rating_quality,rating_position,rating_service,rating_price,rating_space
126162,Tiệm Trà Cô Chiêu - Milk Tea & Ăn Vặt - Lê Thanh Nghị,"76 Lê Thanh Nghị, Phường Bạch Mai, Hà Nội",,foody_url_not_found,,,,,,,,,,,,,,,,,,,,,,,,,,,,,,,,
126679,Mì Cay Sassin 7 Cấp Độ Hàn Quốc - Bách Khoa,"104K9 Nguyễn Hiền, Phường Bạch Mai, Hà Nội",,foody_url_not_found,,,,,,,,,,,,,,,,,,,,,,,,,,,,,,,,
131660,"Tiệm Thỏ - Fruit Juice, Tea & Coffee - Tạ Quang Bửu","Số Nhà 98 Ngõ 40 Tạ Quang Bửu, Phường Bạch Mai, Hà Nội",,foody_url_not_found,,,,,,,,,,,,,,,,,,,,,,,,,,,,,,,,
42458,Cơm Gà Xối Mỡ Mai Phương - Lê Thanh Nghị,"62 Phố Lê Thanh Nghị, Bách Khoa, Hai Bà Trưng, Hà Nội, Việt Nam",,foody_url_not_found,,,,,,,,,,,,,,,,,,,,,,,,,,,,,,,,
62366,The Tryst Coffee & Desserts - Đại Cồ Việt,"32A-34 Đại Cồ Việt, Phường Lê Đại Hành, Hai Bà Trưng, Hà Nội",,foody_url_not_found,,,,,,,,,,,,,,,,,,,,,,,,,,,,,,,,
67067,Ka Tea - Trà Trái Cây Nhiệt Đới - Đại Cồ Việt,"58 Đại Cồ Việt, Phường Lê Đại Hành, Quận Hai Bà Trưng, Hà Nội",,foody_url_not_found,,,,,,,,,,,,,,,,,,,,,,,,,,,,,,,,
82559,Oet O Oet - Drink & Food - Giải Phóng,"72 Ngõ 24 Giải Phóng, Phường Phương Mai, Quận Đống Đa, Hà Nội",,foody_url_not_found,,,,,,,,,,,,,,,,,,,,,,,,,,,,,,,,
9606,Cơm Ngon Quang Thắng,"108Y9 Ngõ Tự Do, Phường Đồng Tâm, Quận Hai Bà Trưng, Hà Nội",,foody_url_not_found,,,,,,,,,,,,,,,,,,,,,,,,,,,,,,,,
99491,Svn Coffee - Cafe Pha Máy - Khu Tập Thể Bách Khoa,"112 K2 Khu Tập Thể Bách Khoa, Ngõ 48 Tạ Quang Bửu, Bách Khoa, Hai Bà Trưng, Hà Nội",,foody_url_not_found,,,,,,,,,,,,,,,,,,,,,,,,,,,,,,,,
103271,Gà Rán Orinchi - Quán Ăn Hàn Quốc - Tạ Quang Bửu,"112b K2 - 48 Tạ Quang Bửu, phường Bách Khoa, Quận Hai Bà Trưng, Hà Nội",https://www.foody.vn/ha-noi/ga-ran-orinchi-ta-quang-buu,ok,,1238459.0,Gà Rán Orinchi - Tạ Quang Bửu,https://www.foody.vn/ha-noi/ga-ran-orinchi-ta-quang-buu,"Gà Rán Orinchi - Tạ Quang Bửu ở Quận Hai Bà Trưng, Hà Nội | Foody.vn","Gà Rán Orinchi - Tạ Quang Bửu - Quán ăn tại 48 Tạ Quang Bửu, P. Bách Khoa, Quận Hai Bà Trưng, Hà Nội","48 Tạ Quang Bửu, P. Bách Khoa",Hà Nội,Quận Hai Bà Trưng,,21.0014529,105.8493117,,,0.0,0.0,0.0,0.0,16.0,,,"Gà Rán Orinchi, Tạ Quang Bửu",Quán ăn,,,,DOW=0 9:0 - 22:0,0.0,0.0,0.0,0.0,0.0
103957,Rak Cha Tea - Nguyễn Đình Chiểu,"87 Nguyễn Đình Chiểu, Phường Lê Đại Hành, Quận Hai Bà Trưng, Hà Nội",https://www.foody.vn/ha-noi/rak-cha-tea-huong-vi-tra-va-ca-phe-doc-quyen-87-nguyen-dinh-chieu.wwiwak,ok,,1000082369.0,Rak Cha Tea - Hương Vị Trà Và Cà Phê Độc Quyền - 87 Nguyễn Đình Chiểu,https://www.foody.vn/ha-noi/rak-cha-tea-huong-vi-tra-va-ca-phe-doc-quyen-87-nguyen-dinh-chieu.wwiwak,"Rak Cha Tea - Hương Vị Trà Và Cà Phê Độc Quyền - 87 Nguyễn Đình Chiểu ở Quận Hai Bà Trưng, Hà Nội | Foody.vn","Rak Cha Tea - Hương Vị Trà Và Cà Phê Độc Quyền - 87 Nguyễn Đình Chiểu - Café/Dessert - Món Việt, Món Trung Hoa, Món Thái tại 87 Nguyễn Đình Chiểu, Quận Hai Bà Trưng, Hà Nội",87 Nguyễn Đình Chiểu,Hà Nội,Quận Hai Bà Trưng,,21.0115496,105.8460657,,,0.0,0.0,0.0,0.0,18.0,,,,Café/Dessert,Món Việt|Món Trung Hoa|Món Thái,,,DOW=0 8:0 - 22:0,0.0,0.0,0.0,0.0,0.0
103976,"Thego Tagom Cafe - Matcha, Trà & Bánh - Lê Thanh Nghị","Số 25 ngõ 104 Lê Thanh Nghị, Phường Bách Khoa, Quận Hai Bà Trưng, Hà Nội",https://www.foody.vn/ha-noi/thego-tagom-matcha-cafe-tra-banh-bach-khoa,ok,,1238755.0,"Thego Tagom - Matcha Cafe, Trà & Bánh - Bách Khoa",https://www.foody.vn/ha-noi/thego-tagom-matcha-cafe-tra-banh-bach-khoa,"Thego Tagom - Matcha Cafe , Trà & Bánh - Bách Khoa ở Quận Hai Bà Trưng, Hà Nội | Foody.vn","Thego Tagom - Matcha Cafe, Trà & Bánh - Bách Khoa - Quán ăn tại 25 Ngõ 104 Lê Thanh Nghị, P. Bách Khoa, Hai Bà Trưng, Hà Nội, Quận Hai Bà Trưng, Hà Nội","25 Ngõ 104 Lê Thanh Nghị, P. Bách Khoa, Hai Bà Trưng, Hà Nội",Hà Nội,Quận Hai Bà Trưng,,21.0025793,105.846,,,0.0,0.0,0.0,0.0,14.0,,,"Thego Tagom Matcha Cafe, Trà Bánh Bách Khoa",Quán ăn,,,,DOW=0 7:0 - 23:0,0.0,0.0,0.0,0.0,0.0
111026,Cơm Ngon Hà Nội - Bà Triệu,"203 Bà Triệu, Phường Lê Đại Hành, Quận Hai Bà Trưng, Hà Nội",https://www.foody.vn/ha-noi/com-ngon-ha-noi-ngo-tu-do,ok,,1053975.0,Cơm Ngon Hà Nội - Ngõ Tự Do,https://www.foody.vn/ha-noi/com-ngon-ha-noi-ngo-tu-do,"Cơm Ngon Hà Nội - Ngõ Tự Do ở Quận Hai Bà Trưng, Hà Nội | Foody.vn","Cơm Ngon Hà Nội - Ngõ Tự Do - Quán ăn - Món Việt tại 111Y9 Khu Tập Thể Đại Học Kinh Tế Quốc Dân, Ngõ Tự Do, P. Đồng Tâm, Quận Hai Bà Trưng, Hà Nội. Giá bình quân đầu người 25.000đ - 65.000đ","111Y9 Khu Tập Thể Đại Học Kinh Tế Quốc Dân, Ngõ Tự Do, P. Đồng Tâm",Hà Nội,Quận Hai Bà Trưng,Đại Học Bách Khoa,20.998196,105.846676,,,25000.0,65000.0,0.0,0.0,74.0,Cơm Ngon Hà Nội - HN,,"cơm ngon hà nội, quán cơm ngõ tự do, quán cơm đường trần đại nghĩa, quán cơm quận hai bà trưng, cơm văn phòng ngõ tự do, cơm văn phòng đường trần đại nghĩa, cơm văn phòng quận hai bà trưng",Quán ăn,Món Việt,Gia đình|Nhóm hội|Giới văn phòng,,DOW=0 10:0 - 20:0,0.0,0.0,0.0,0.0,0.0
113989,"Đi Ăn Chay Đi - Cơm Chay, Bún & Bánh Mì Chay - 57 Chùa Liên Phái","57 Ngõ Chùa Liên Phái, Phường Bách Khoa, Quận Hai Bà Trưng, Hà Nội",https://www.foody.vn/ha-noi/di-an-chay-di-com-chay-bun-pho-mien-banh-mi-chay-57-chua-lien-phai,ok,,1240229.0,"Đi Ăn Chay Đi - Cơm Chay, Bún Phở Miến & Bánh Mì Chay - 57 Chùa Liên Phái",https://www.foody.vn/ha-noi/di-an-chay-di-com-chay-bun-pho-mien-banh-mi-chay-57-chua-lien-phai,"Đi Ăn Chay Đi - Cơm Chay, Bún Phở Miến & Bánh Mì Chay - 57 Chùa Liên Phái ở Quận Hai Bà Trưng, Hà Nội | Foody.vn","Đi Ăn Chay Đi - Cơm Chay, Bún Phở Miến & Bánh Mì Chay - 57 Chùa Liên Phái - Ăn chay tại 57 Ngõ Chùa Liên Phái, P. Cầu Dền, Quận Hai Bà Trưng, Hà Nội","57 Ngõ Chùa Liên Phái, P. Cầu Dền",Hà Nội,Quận Hai Bà Trưng,,21.0050195,105.8494775,,,0.0,0.0,0.0,0.0,30.0,,,"món chay, cơm chay, phở chay, bún chay, miến chay",Ăn chay,,,,DOW=0 9:0 - 21:0,0.0,0.0,0.0,0.0,0.0
11471,Thiên Trường - Phở Cồ & Cơm Gà Xối Mắm - Giải Phóng,"15 Ngõ 75 Đường Giải Phóng, Đồng Tâm, Hai Bà Trưng, Hà Nội, Việt Nam",https://www.foody.vn/ha-noi/thien-truong-pho-co-com-ga-xoi-mam-giai-phong,ok,,1135528.0,Thiên Trường - Phở Cồ & Cơm Gà Xối Mắm - Giải Phóng,https://www.foody.vn/ha-noi/thien-truong-pho-co-com-ga-xoi-mam-giai-phong,"Thiên Trường - Phở Cồ & Cơm Gà Xối Mắm - Giải Phóng ở Quận Hai Bà Trưng, Hà Nội | Foody.vn","Thiên Trường - Phở Cồ & Cơm Gà Xối Mắm - Giải Phóng - Quán ăn tại 15 Ngõ 75 Giải Phóng, Quận Hai Bà Trưng, Hà Nội. Giá bình quân đầu người 30.000đ - 50.000đ",15 Ngõ 75 Giải Phóng,Hà Nội,Quận Hai Bà Trưng,,21.002731,105.842514,,,30000.0,50000.0,0.0,0.0,72.0,Thiên Trường - Phở Cồ & Cơm Gà Xối Mắm,,"thiên trường, cơm gà",Quán ăn,,,,DOW=0 8:0 - 22:0,0.0,0.0,0.0,0.0,0.0
117526,Bếp Bé Bếu - Cơm & Bánh Mì Nướng Trung Hoa - Lê Thanh Nghị,"40 Lê Thanh Nghị, Phường Bạch Mai, Hà Nội",https://www.foody.vn/ha-noi/bep-be-beu-com-banh-mi-nuong-trung-hoa-le-thanh-nghi,ok,,1196853.0,Bếp Bé Bếu - Cơm & Bánh Mì Nướng Trung Hoa - Lê Thanh Nghị,https://www.foody.vn/ha-noi/bep-be-beu-com-banh-mi-nuong-trung-hoa-le-thanh-nghi,"Bếp Bé Bếu - Cơm & Bánh Mì Nướng Trung Hoa - Lê Thanh Nghị ở Quận Hai Bà Trưng, Hà Nội | Foody.vn","Bếp Bé Bếu - Cơm & Bánh Mì Nướng Trung Hoa - Lê Thanh Nghị - Quán ăn tại 40 Lê Thanh Nghị, Quận Hai Bà Trưng, Hà Nội",40 Lê Thanh Nghị,Hà Nội,Quận Hai Bà Trưng,,21.0034151,105.8493944,,,0.0,0.0,0.0,0.0,25.0,Bếp Bé Bếu - Cơm & Bánh Mì Nướng Trung Hoa,,,Quán ăn,,,,DOW=0 10:0 - 21:30,0.0,0.0,0.0,0.0,0.0
120238,Rosier Fresh Tea & Coffee - Đoàn Trần Nghiệp,"25 Đoàn Trần Nghiệp, Phường Hai Bà Trưng, Hà Nội",https://www.foody.vn/ha-noi/tra-sua-rosier-fresh-tea-coffee-doan-tran-nghiep,ok,,1267950.0,Trà Sữa Rosier - Fresh Tea & Coffee - Đoàn Trần Nghiệp,https://www.foody.vn/ha-noi/tra-sua-rosier-fresh-tea-coffee-doan-tran-nghiep,"Trà Sữa Rosier - Fresh Tea & Coffee - Đoàn Trần Nghiệp ở Quận Hai Bà Trưng, Hà Nội | Foody.vn","Trà Sữa Rosier - Fresh Tea & Coffee - Đoàn Trần Nghiệp - Café/Dessert tại 25 Đoàn Trần Nghiệp, P. Lê Đại Hành, Quận Hai Bà Trưng, Hà Nội","25 Đoàn Trần Nghiệp, P. Lê Đại Hành",Hà Nội,Quận Hai Bà Trưng,,21.01199,105.84819,,,0.0,0.0,0.0,0.0,3.0,Rosier - Tea & Coffee,,"Trà Sữa Rosier, Fresh Tea & Coffe. Coffee. Trà Sữa.Cà Phê. Trà Đào",Café/Dessert,,,,DOW=0 7:0 - 22:0,0.0,0.0,0.0,0.0,0.0
125252,Linh Tinh - Coffee & Trà Chanh - Nguyễn Hiền,"Số 2 Nguyễn Hiền, Phường Bạch Mai, Hà Nội",https://www.foody.vn/ha-noi/chill-tiem-tra-chanh-nguyen-hien,ok,,985311.0,Chill - Tiệm Trà Chanh - Nguyễn Hiền,https://www.foody.vn/ha-noi/chill-tiem-tra-chanh-nguyen-hien,"Chill - Tiệm Trà Chanh - Nguyễn Hiền ở Quận Hai Bà Trưng, Hà Nội | Foody.vn","Chill - Tiệm Trà Chanh - Nguyễn Hiền - Café/Dessert - Món Việt tại 102 K12 Tập Thể Bách Khoa, Nguyễn Hiền, P. Bách Khoa, Quận Hai Bà Trưng, Hà Nội. Giá bình quân đầu người 10.000đ - 30.000đ","102 K12 Tập Thể Bách Khoa, Nguyễn Hiền, P. Bách Khoa",Hà Nội,Quận Hai Bà Trưng,,21.001373,105.847953,,,10000.0,30000.0,0.0,0.0,48.0,,,"chill, trà chanh chill, chill định công, quán trà chanh, tiệm trà chanh, trà chanh định công, ăn vặt định công",Café/Dessert,Món Việt,Cặp đôi|Nhóm hội,,DOW=0 8:0 - 23:0,0.0,0.0,0.0,0.0,0.0
129518,Rosier Fresh Tea & Coffee - Lê Thanh Nghị,"117 Lê Thanh Nghị, Phường Bạch Mai, Hà Nội",https://www.foody.vn/ha-noi/tra-sua-rosier-fresh-tea-coffee-le-thanh-nghi,ok,,1153809.0,Trà Sữa Rosier - Fresh Tea & Coffee - Lê Thanh Nghị,https://www.foody.vn/ha-noi/tra-sua-rosier-fresh-tea-coffee-le-thanh-nghi,"Trà Sữa Rosier - Fresh Tea & Coffee - Lê Thanh Nghị ở Quận Hai Bà Trưng, Hà Nội | Foody.vn","Trà Sữa Rosier - Fresh Tea & Coffee - Lê Thanh Nghị - Café/Dessert tại 117 Lê Thanh Nghị, Quận Hai Bà Trưng, Hà Nội. Giá bình quân đầu người 20.000đ - 80.000đ",117 Lê Thanh Nghị,Hà Nội,Quận Hai Bà Trưng,,21.00168,105.84329,,,20000.0,80000.0,0.0,0.0,116.0,Rosier - Tea & Coffee,,"Rosier - Fresh Tea & Coffee, Trà Sữa, Coffee, Café, Trà Sữa Rosier",Café/Dessert,,,,DOW=0 8:0 - 22:0,0.0,0.0,0.0,0.0,0.0
129860,You Tea - Trần Đại Nghĩa,"75 Trần Đại Nghĩa, Phường Bạch Mai, Hà Nội",https://www.foody.vn/ha-noi/you-tea-75-tran-dai-nghia,ok,,1278376.0,You Tea - 75 Trần Đại Nghĩa,https://www.foody.vn/ha-noi/you-tea-75-tran-dai-nghia,"You Tea - 75 Trần Đại Nghĩa ở Quận Hai Bà Trưng, Hà Nội | Foody.vn","You Tea - 75 Trần Đại Nghĩa - Café/Dessert tại 75 Trần Đại Nghĩa, P. Bách Khoa, Quận Hai Bà Trưng, Hà Nội","75 Trần Đại Nghĩa, P. Bách Khoa",Hà Nội,Quận Hai Bà Trưng,,21.0062451,105.8458945,,,0.0,0.0,0.0,0.0,3.0,,,"You Tea, 75 Trần Đại Nghĩa",Café/Dessert,,,,DOW=0 8:0 - 22:0,0.0,0.0,0.0,0.0,0.0
130783,Bún Bò Huế Cố Đô 1 - Tạ Quang Bửu,"Số 10 Tạ Quang Bửu, Phường Bạch Mai, Hà Nội",https://www.foody.vn/ha-noi/bun-bo-hue-co-do-1,ok,,1276010.0,Bún Bò Huế - Cố Đô 1,https://www.foody.vn/ha-noi/bun-bo-hue-co-do-1,"Bún Bò Huế - Cố Đô 1 ở Quận Hai Bà Trưng, Hà Nội | Foody.vn","Bún Bò Huế - Cố Đô 1 - Ăn vặt/vỉa hè tại 10 Tạ Quang Bửu, P. Bách Khoa, Quận Hai Bà Trưng, Hà Nội","10 Tạ Quang Bửu, P. Bách Khoa",Hà Nội,Quận Hai Bà Trưng,,21.0037791,105.8467271,,,0.0,0.0,0.0,0.0,5.0,,,"bún bò , bún bò huế , bún bò , bún bò giò , bún bò móng giò , bún sườn",Ăn vặt/vỉa hè,,,,DOW=0 6:0 - 23:59,0.0,0.0,0.0,0.0,0.0
132692,Ghé Coffee - Cà Phê Mang Đi - Tạ Quang Bửu,"Số 10 Tạ Quang Bửu, Phường Bạch Mai, Hà Nội",https://www.foody.vn/ha-noi/sacombank-ta-quang-buu,ok,,233770.0,SacomBank - Tạ Quang Bửu,https://www.foody.vn/ha-noi/sacombank-ta-quang-buu,"SacomBank - Tạ Quang Bửu ở Quận Hai Bà Trưng, Hà Nội | Foody.vn","SacomBank - Tạ Quang Bửu - Bank - ATM tại 10 Tạ Quang Bửu, Quận Hai Bà Trưng, Hà Nội",10 Tạ Quang Bửu,Hà Nội,Quận Hai Bà Trưng,Đại Học Bách Khoa,21.005191,105.847064,,,0.0,0.0,0.0,0.0,41.0,,Từ ngã 3 Đại Cồ Việt - Tạ Quang Bửu đi vào Tạ Quang Bửu khoảng 200m,"SacomBank, SacomBank tạ quang bửu, ngân hàng sacombank, chi nhánh sacom bank, phòng giao dịch sacombank, phòng giao dịch sacombank tạ quang bửu, ngân hàng khu tạ quang bửu",Bank - ATM,,Gia đình|Giới văn phòng,,DOW=0 7:30 - 17:0,0.0,0.0,0.0,0.0,0.0
2188,Quán Ăn Quý - Mì Ý & Đồ Ăn Vặt Online - Lê Thanh Nghị,"107 E3 Lê Thanh Nghị, Phường Bách Khoa, Quận Hai Bà Trưng, Hà Nội",https://www.foody.vn/ha-noi/quan-an-quy-mi-y-do-an-vat,ok,,1024611.0,QuÃ¡n Ä‚n QuÃ½ - MÃ¬ Ã� & Ä�á»“ Ä‚n Váº·t Online,https://www.foody.vn/ha-noi/quan-an-quy-mi-y-do-an-vat,"QuÃ¡n Ä‚n QuÃ½ - MÃ¬ Ã� & Ä�á»“ Ä‚n Váº·t Online á»Ÿ Quáº­n Hai BÃ TrÆ°ng, HÃ Ná»™i | Foody.vn","QuÃ¡n Ä‚n QuÃ½ - MÃ¬ Ã� & Ä�á»“ Ä‚n Váº·t Online - Shop Online - MÃ³n Viá»‡t táº¡i 107 E3 BÃ¡ch Khoa Ä�Æ°á»�ng LÃª Thanh Nghá»‹, P. BÃ¡ch Khoa, Quáº­n Hai BÃ  TrÆ°ng, HÃ  Ná»™i. GiÃ¡ bÃ¬nh quÃ¢n Ä‘áº§u ngÆ°á»�i 10.000Ä‘ - 60.000Ä‘","107 E3 BÃ¡ch Khoa Ä�Æ°á»�ng LÃª Thanh Nghá»‹, P. BÃ¡ch Khoa",HÃ  Ná»™i,Quáº­n Hai BÃ  TrÆ°ng,Kim LiÃªn,21.0032226,105.8494651,,,10000.0,60000.0,7.6,2.0,470.0,,,"mÃ¬ Ã½, Ä‘á»“ Äƒn váº·t, Äƒn váº·t, quÃ¡n Äƒn quÃ½, mÃ¬ Ã½ quÃ¡n quÃ½, má»³ Ã½ quÃ¡n quÃ½, Äƒn váº·t quÃ¡n quÃ½, má»³ Ã½, má»³ online, má»³ Ã½ online, Äƒn váº·t online, Äƒn váº·t giao hÃ ng, mÃ¬ Ã½ giao hÃ ng, má»³ Ã½ giao hÃ ng, má»³ Ã½ lÆ°Æ¡ng Ä‘á»‹nh cá»§a, Äƒn váº·t lÆ°Æ¡ng Ä‘á»‹nh cá»§a",Shop Online,MÃ³n Viá»‡t,Sinh viÃªn|Cáº·p Ä‘Ã´i|Giá»›i vÄƒn phÃ²ng,,DOW=0 0:0 - 23:59,,,,,
22758,PhuongKitchen - Cơm & Đồ Ăn Vặt - Ngõ Chùa Liên Phái Bạch Mai,"22 Ngách 55 Ngõ Chùa Liên Phái Bạch Mai, Phường Cầu Dền, Quận Hai Bà Trưng, Hà Nội",https://www.foody.vn/ha-noi/an-vat-bach-mai-shop-online,ok,,648899.0,Ăn Vặt Bạch Mai - Shop Online,https://www.foody.vn/ha-noi/an-vat-bach-mai-shop-online,"Ăn Vặt Bạch Mai - Shop Online ở Quận Hai Bà Trưng, Hà Nội | Foody.vn","Ăn Vặt Bạch Mai - Shop Online - Shop Online - Món Việt tại Ngõ Chùa Liên Phái, Bạch Mai, P. Cầu Dền, Quận Hai Bà Trưng, Hà Nội. Giá bình quân đầu người 10.000đ - 60.000đ","Ngõ Chùa Liên Phái, Bạch Mai, P. Cầu Dền",Hà Nội,Quận Hai Bà Trưng,Bạch Mai,21.004924,105.849317,,,10000.0,60000.0,0.0,0.0,157.0,,Gọi điện thoại tới số 01216 269 889 để được giao hàng tận nơi,"ăn vặt bạch mai, đồ ăn vặt online, ăn vặt online khu bạch mai, ăn vặt ngõ chùa liên phái, bánh xá xíu chiên giòn, khoai lang chiên, xôi chiên",Shop Online,Món Việt,Sinh viên|Gia đình|Giới văn phòng,,DOW=0 11:0 - 23:59,0.0,0.0,0.0,0.0,0.0
25223,The Coffee House - Lê Thanh Nghị,"92 Phố Lê Thanh Nghị, Bách Khoa, Hai Bà Trưng, Hà Nội, Việt Nam",https://www.foody.vn/ha-noi/the-coffee-house-le-thanh-nghi,ok,,1118646.0,The Coffee House - Lê Thanh Nghị,https://www.foody.vn/ha-noi/the-coffee-house-le-thanh-nghi,"The Coffee House - Lê Thanh Nghị ở Quận Hai Bà Trưng, Hà Nội | Foody.vn","The Coffee House - Lê Thanh Nghị - Café/Dessert tại 92 Lê Thanh Nghị, P. Bách Khoa, Quận Hai Bà Trưng, Hà Nội. Giá bình quân đầu người 30.000đ - 60.000đ","92 Lê Thanh Nghị, P. Bách Khoa",Hà Nội,Quận Hai Bà Trưng,,21.0036194,105.847849,,,30000.0,60000.0,0.0,0.0,130.0,The Coffee House,,"Café, The Coffee House",Café/Dessert,,,,DOW=0 7:0 - 21:0,0.0,0.0,0.0,0.0,0.0
28819,Highlands Coffee - Trần Đại Nghĩa,"91 Phố Trần Đại Nghĩa, Bách Khoa, Hai Bà Trưng, Hà Nội, Việt Nam",https://www.foody.vn/ha-noi/highlands-coffee-tra-ca-phe-banh-dh-bach-khoa,ok,,784171.0,"Highlands Coffee - TrÃ , CÃ  PhÃª & BÃ¡nh - Ä�H BÃ¡ch Khoa",https://www.foody.vn/ha-noi/highlands-coffee-tra-ca-phe-banh-dh-bach-khoa,"Highlands Coffee - TrÃ , CÃ PhÃª & BÃ¡nh - Ä�H BÃ¡ch Khoa á»Ÿ Quáº­n Hai BÃ TrÆ°ng, HÃ Ná»™i | Foody.vn","Highlands Coffee - TrÃ , CÃ  PhÃª & BÃ¡nh - Ä�H BÃ¡ch Khoa - CafÃ©/Dessert - MÃ³n Viá»‡t táº¡i 91 Tráº§n Ä�áº¡i NghÄ©a, Quáº­n Hai BÃ  TrÆ°ng, HÃ  Ná»™i. GiÃ¡ bÃ¬nh quÃ¢n Ä‘áº§u ngÆ°á»�i 25.000Ä‘ - 79.000Ä‘",91 Tráº§n Ä�áº¡i NghÄ©a,HÃ  Ná»™i,Quáº­n Hai BÃ  TrÆ°ng,Ä�áº¡i Há»�c BÃ¡ch Khoa,21.0041191,105.845596,,,25000.0,79000.0,8.052,12.0,2860.0,Highlands Coffee - HÃ  Ná»™i,CÃ¡ch ngÃ£ 4 LÃª Thanh Nghá»‹ - Tráº§n Ä�áº¡i NghÄ©a khoáº£ng 50m vá»� hÆ°á»›ng Ä�áº¡i Cá»“ Viá»‡t,"highland coffee, highlands coffee, 91 tráº§n Ä‘áº¡i nghÄ©a, highland coffee tráº§n Ä‘áº¡i nghÄ©a, highlands coffee tráº§n Ä‘áº¡i nghÄ©a, Highlands Coffee Ä�áº¡i Há»�c BÃ¡ch Khoa, coffee, high, TrÃ , CÃ  PhÃª, BÃ¡nh",CafÃ©/Dessert,MÃ³n Viá»‡t,Cáº·p Ä‘Ã´i|NhÃ³m há»™i|Giá»›i vÄƒn phÃ²ng,,DOW=0 7:0 - 22:0,,,,,
31215,Cơm Rang Hải Sơn - Giải Phóng,"32 Ngõ 75 Giải Phóng, P.Đồng Tâm, Q.Hai Bà Trưng, Hà Nội",https://www.foody.vn/ha-noi/com-rang-hai-son-giai-phong,ok,,1139203.0,Cơm Rang Hải Sơn - Giải Phóng,https://www.foody.vn/ha-noi/com-rang-hai-son-giai-phong,"Cơm Rang Hải Sơn - Hoàng Mai ở Quận Hai Bà Trưng, Hà Nội | Foody.vn","Cơm Rang Hải Sơn - Giải Phóng - Quán ăn tại Đối Diện Số 39 Ngõ 75 Giải Phóng, P. Bạch Mai, Quận Hai Bà Trưng, Hà Nội. Giá bình quân đầu người 30.000đ - 50.000đ","Đối Diện Số 39 Ngõ 75 Giải Phóng, P. Bạch Mai",Hà Nội,Quận Hai Bà Trưng,,21.0030077,105.842179,,,30000.0,50000.0,0.0,0.0,65.0,Cơm Rang Hải Sơn,,"cơm rang, phở xào, mỳ xào",Quán ăn,,,,DOW=0 9:0 - 22:0,0.0,0.0,0.0,0.0,0.0
31947,Kufoodd - Mì Trộn Indomie & Đồ Ăn Nhanh - Đê Tô Hoàng,"22 Ngách 62B Ngõ 219 Đê Tô Hoàng, P. Cầu Dền, Hai Bà Trưng, Hà Nội",https://www.foody.vn/ha-noi/kufoodd-mi-tron-indomie-do-an-nhanh-de-to-hoang,ok,,1153490.0,Kufoodd - Mì Trộn Indomie & Đồ Ăn Nhanh - Đê Tô Hoàng,https://www.foody.vn/ha-noi/kufoodd-mi-tron-indomie-do-an-nhanh-de-to-hoang,"Kufoodd - Mì Trộn Indomie & Đồ Ăn Nhanh - Đê Tô Hoàng ở Quận Hai Bà Trưng, Hà Nội | Foody.vn","Kufoodd - Mì Trộn Indomie & Đồ Ăn Nhanh - Đê Tô Hoàng - Quán ăn tại 22 Ngách 62B Ngõ 219 Đê Tô Hoàng, P. Cầu Dền, Quận Hai Bà Trưng, Hà Nội. Giá bình quân đầu người 20.000đ - 30.000đ","22 Ngách 62B Ngõ 219 Đê Tô Hoàng, P. Cầu Dền",Hà Nội,Quận Hai Bà Trưng,,21.0051951,105.8480682,,,20000.0,30000.0,0.0,0.0,16.0,,,"mì trộn, indomie, đồ ăn vặt, bánh mì, đê tô hoàng, bạch mai, hai bà trưng",Quán ăn,,,,DOW=0 17:0 - 23:59,0.0,0.0,0.0,0.0,0.0
32441,Mì Cay Seoul - Trần Đại Nghĩa,"91 Trần Đại Nghĩa, Bách Khoa, Hai Bà Trưng, Hà Nội",https://www.foody.vn/ha-noi/mi-cay-seoul-tran-dai-nghia,ok,,268714.0,Mì Cay Seoul - Trần Đại Nghĩa,https://www.foody.vn/ha-noi/mi-cay-seoul-tran-dai-nghia,"Mì Cay Seoul - Trần Đại Nghĩa ở Quận Hai Bà Trưng, Hà Nội | Foody.vn","Mì Cay Seoul - Trần Đại Nghĩa - Nhà hàng - Món Hàn tại 91 Trần Đại Nghĩa, Quận Hai Bà Trưng, Hà Nội. Giá bình quân đầu người 30.000đ - 60.000đ",91 Trần Đại Nghĩa,Hà Nội,Quận Hai Bà Trưng,Bạch Mai,21.0048209,105.8456411,,,30000.0,60000.0,6.554,84.0,6063.0,Mì Cay Seoul Trần Đại Nghĩa,Cách ngã ba Trần Đại Nghĩa - Đại Cồ Việt khoảng 150m theo hướng về trường Đại Học Bách Khoa,"Mỳ Cay Seoul - Trần Đại Nghĩa, Mì Cay Seoul, mì cay hàn quốc, nhà hàng mì cay, nhà hàng mỳ cay seoul trần đại nghĩa, mì cay seoul gần tạ quang bửu",Nhà hàng,Món Hàn,,seoultang1::66668888|seoul tang1::66668888|Seoul tang1::91trandainghia,DOW=0 8:0 - 22:0,6.3,7.08,6.35,6.35,6.69
40268,Xuân Food - Mì Trộn Indomie - Tạ Quang Bửu,"5 ngõ 17 Tạ Quang Bửu, Bách Khoa, Hai Bà Trưng, Hà Nội",https://www.foody.vn/ha-noi/xuan-food-mi-tron-indomie-ta-quang-buu,ok,,1145100.0,Xuân Food - Mì Trộn Indomie - Tạ Quang Bửu,https://www.foody.vn/ha-noi/xuan-food-mi-tron-indomie-ta-quang-buu,"Xuân Food - Mì Trộn Indomie - Tạ Quang Bửu ở Quận Hai Bà Trưng, Hà Nội | Foody.vn","Xuân Food - Mì Trộn Indomie - Tạ Quang Bửu - Quán ăn tại Số 5 Ngõ 17 Tạ Quang Bửu, Quận Hai Bà Trưng, Hà Nội. Giá bình quân đầu người 40.000đ - 70.000đ",Số 5 Ngõ 17 Tạ Quang Bửu,Hà Nội,Quận Hai Bà Trưng,,21.0043228,105.848327,,,40000.0,70000.0,0.0,0.0,93.0,Xuân Food - Mì Trộn Indomie,,Mì Trộn Indomie,Quán ăn,,,,DOW=0 9:0 - 22:0,0.0,0.0,0.0,0.0,0.0
4389,Ding Tea - Lê Đại Hành,"23 Lê Đại Hành, Lê Đại Hành, Hai Bà Trưng, Hà Nội",https://www.foody.vn/ha-noi/ding-tea-le-dai-hanh,ok,,49210.0,Ding Tea - LÃª Ä�áº¡i HÃ nh,https://www.foody.vn/ha-noi/ding-tea-le-dai-hanh,"Ding Tea - LÃª Ä�áº¡i HÃ nh á»Ÿ Quáº­n Hai BÃ TrÆ°ng, HÃ Ná»™i | Foody.vn","Ding Tea - LÃª Ä�áº¡i HÃ nh - CafÃ©/Dessert - Ä�Ã i Loan táº¡i 23 LÃª Ä�áº¡i HÃ nh, Quáº­n Hai BÃ  TrÆ°ng, HÃ  Ná»™i. GiÃ¡ bÃ¬nh quÃ¢n Ä‘áº§u ngÆ°á»�i 25.000Ä‘ - 55.000Ä‘",23 LÃª Ä�áº¡i HÃ nh,HÃ  Ná»™i,Quáº­n Hai BÃ  TrÆ°ng,Há»“ Báº£y Máº«u,21.010043,105.849801,,www.dingtea.com,25000.0,55000.0,6.892,73.0,6749.0,Ding Tea - TrÃ  Sá»¯a Ä�Ã i Loan - HN,Tá»« Ä‘Æ°á»�ng Ä�áº¡i Cá»“ Viá»‡t ráº½ vÃ o LÃª Ä�áº¡i HÃ nh Ä‘i khoáº£ng 600m,"quÃ¡n trÃ  sá»¯a, trÃ  sá»¯a hÃ  ná»™i, trÃ  sá»¯a hai bÃ  trÆ°ng, trÃ  sá»¯a ngon, quÃ¡n giáº£i khÃ¡t, trÃ  sá»¯a Ä‘Ã i loan",CafÃ©/Dessert,Ä�Ã i Loan,Cáº·p Ä‘Ã´i|Gia Ä‘Ã¬nh|NhÃ³m há»™i,QUYNHCHI::chinhi24042006,DOW=0 8:0 - 23:0,,,,,
4633,Trà Sữa Feeling Tea - Bạch Mai,"307C Bạch Mai, Phường Bạch Mai, Quận Hai Bà Trưng, Hà Nội",https://www.foody.vn/ha-noi/tra-sua-feeling-tea-bach-mai,ok,,93184.0,TrÃ  Sá»¯a Feeling Tea - Báº¡ch Mai,https://www.foody.vn/ha-noi/tra-sua-feeling-tea-bach-mai,"TrÃ Sá»¯a Feeling Tea - Báº¡ch Mai á»Ÿ Quáº­n Hai BÃ TrÆ°ng, HÃ Ná»™i | Foody.vn","TrÃ  Sá»¯a Feeling Tea - Báº¡ch Mai - CafÃ©/Dessert - MÃ³n Trung Hoa táº¡i 307C Báº¡ch Mai, P. TrÆ°Æ¡ng Ä�á»‹nh, Quáº­n Hai BÃ  TrÆ°ng, HÃ  Ná»™i. GiÃ¡ bÃ¬nh quÃ¢n Ä‘áº§u ngÆ°á»�i 15.000Ä‘ - 50.000Ä‘","307C Báº¡ch Mai, P. TrÆ°Æ¡ng Ä�á»‹nh",HÃ  Ná»™i,Quáº­n Hai BÃ  TrÆ°ng,Báº¡ch Mai,21.00237,105.85074,,,15000.0,50000.0,6.64,63.0,5627.0,TrÃ  Sá»¯a Feeling Tea - HÃ  Ná»™i,CÃ¡ch ngÃ£ tÆ° Báº¡ch Mai - Ä�áº¡i La khoáº£ng 300m,"Feeling Tea, TrÃ  Sá»¯a TrÃ¢n ChÃ¢u, quÃ¡n TrÃ  Sá»¯a TrÃ¢n ChÃ¢u, feeling tea báº¡ch mai, TrÃ  Sá»¯a TrÃ¢n ChÃ¢u Ä‘Æ°á»�ng báº¡ch mai, TrÃ  Sá»¯a TrÃ¢n ChÃ¢u gáº§n Ä‘áº¡i la",CafÃ©/Dessert,MÃ³n Trung Hoa,Sinh viÃªn|Cáº·p Ä‘Ã´i|NhÃ³m há»™i|Giá»›i vÄƒn phÃ²ng,k cÃ³ wifi::thoidodavcc,DOW=0 7:30 - 22:30,,,,,
47053,Bee Quán - Bún Sườn Chua Trộn & Cháo Sườn - Ngõ Thái Lợi,"18 Ngõ Thái Lợi, Tổ dân phố 3A+Tổ dân phố 3B, Bạch Mai, Hai Bà Trưng, Hà Nội, Việt Nam",https://www.foody.vn/ha-noi/bee-quan-bun-suon-chua-chao-suon-mi-tron-indomie-thai-loi,ok,,1168093.0,"Bee QuÃ¡n - BÃºn SÆ°á»�n Chua, ChÃ¡o SÆ°á»�n & MÃ¬ Trá»™n Indomie - ThÃ¡i Lá»£i",https://www.foody.vn/ha-noi/bee-quan-bun-suon-chua-chao-suon-mi-tron-indomie-thai-loi,"Bee QuÃ¡n - BÃºn SÆ°á»�n Chua, ChÃ¡o SÆ°á»�n & MÃ¬ Trá»™n Indomie - ThÃ¡i Lá»£i á»Ÿ Quáº­n Hai BÃ TrÆ°ng, HÃ Ná»™i | Foody.vn","Bee QuÃ¡n - BÃºn SÆ°á»�n Chua, ChÃ¡o SÆ°á»�n & MÃ¬ Trá»™n Indomie - ThÃ¡i Lá»£i - QuÃ¡n Äƒn táº¡i 18 NgÃµ ThÃ¡i Lá»£i, P. Báº¡ch Mai, Quáº­n Hai BÃ  TrÆ°ng, HÃ  Ná»™i. GiÃ¡ bÃ¬nh quÃ¢n Ä‘áº§u ngÆ°á»�i 25.000Ä‘ - 65.000Ä‘","18 NgÃµ ThÃ¡i Lá»£i, P. Báº¡ch Mai",HÃ  Ná»™i,Quáº­n Hai BÃ  TrÆ°ng,,21.0014171,105.8513077,,,25000.0,65000.0,9.858,7.0,83.0,,,"Bee QuÃ¡n - BÃºn SÆ°á»�n Chua Trá»™n, ChÃ¡o SÆ°á»�n Sá»¥n & MÃ¬ Trá»™n Indomie, Bee QuÃ¡n, BÃºn SÆ°á»�n Chua Trá»™n, ChÃ¡o SÆ°á»�n, MÃ¬ Indomie, ThÃ¡i Lá»£i",QuÃ¡n Äƒn,,,,DOW=0 7:0 - 21:0,,,,,
55021,Tan.Coffee - Cafe Ngon & Nước Ép - Tô Hiến Thành,"29 Tô Hiến Thành, P.Nguyễn Du, Q.Hai Bà Trưng, Hà Nội",https://www.foody.vn/ha-noi/tan-coffee-cafe-nuoc-ep-29-to-hien-thanh.3b1vnr,ok,,1000097664.0,Tan. Coffee - Cafe & Nước Ép - 29 Tô Hiến Thành,https://www.foody.vn/ha-noi/tan-coffee-cafe-nuoc-ep-29-to-hien-thanh.3b1vnr,"Tan. Coffee - Cafe & Nước Ép - 29 Tô Hiến Thành ở Quận Hai Bà Trưng, Hà Nội | Foody.vn","Tan. Coffee - Cafe & Nước Ép - 29 Tô Hiến Thành - Café/Dessert - Món Bắc tại 29 Tô Hiến Thành, Quận Hai Bà Trưng, Hà Nội",29 Tô Hiến Thành,Hà Nội,Quận Hai Bà Trưng,,21.0134898,105.8500304,,,0.0,0.0,0.0,0.0,0.0,,,,Café/Dessert,Món Bắc,,,DOW=0 7:0 - 22:0,0.0,0.0,0.0,0.0,0.0
62733,Ngược Nắng Coffee & Tea - Tạ Quang Bửu,"109K2 Ngõ 48 Tạ Quang Bửu, Phường Bách Khoa, Hai Bà Trưng, Hà Nội",https://www.foody.vn/ha-noi/swan-tea-ta-quang-buu,ok,,917031.0,Swan Tea - Táº¡ Quang Bá»­u,https://www.foody.vn/ha-noi/swan-tea-ta-quang-buu,"Swan Tea - Táº¡ Quang Bá»­u á»Ÿ Quáº­n Hai BÃ TrÆ°ng, HÃ Ná»™i | Foody.vn","Swan Tea - Táº¡ Quang Bá»­u - CafÃ©/Dessert - MÃ³n Ã� táº¡i 106 E1 NgÃµ 29 Táº¡ Quang Bá»­u, Quáº­n Hai BÃ  TrÆ°ng, HÃ  Ná»™i. GiÃ¡ bÃ¬nh quÃ¢n Ä‘áº§u ngÆ°á»�i 30.000Ä‘ - 60.000Ä‘",106 E1 NgÃµ 29 Táº¡ Quang Bá»­u,HÃ  Ná»™i,Quáº­n Hai BÃ  TrÆ°ng,Ä�áº¡i Há»�c BÃ¡ch Khoa,21.002089,105.849567,,,30000.0,60000.0,8.868,3.0,339.0,,,"swan tea, trÃ  sá»¯a, trÃ , quÃ¡n trÃ , quÃ¡n trÃ  táº¡ quang bá»­u, swantea, swan tea táº¡ quang bá»­u, trÃ  sá»¯a trÃ¢n chÃ¢u, trÃ  hoa quáº£",CafÃ©/Dessert,MÃ³n Ã�,Cáº·p Ä‘Ã´i|NhÃ³m há»™i,swan tea::12345678,DOW=0 8:0 - 22:0,,,,,
64917,Bing Long - Ice Cream & Tea - Trần Đại Nghĩa,"123 Trần Đại Nghĩa, Đồng Tâm, Hai Bà Trưng, Hà Nội",https://www.foody.vn/ha-noi/bing-long-ice-cream-tea-khu-do-thi-do-nghia,ok,,1181047.0,Bing Long - Ice Cream & Tea - Khu Đô Thị Đô Nghĩa,https://www.foody.vn/ha-noi/bing-long-ice-cream-tea-khu-do-thi-do-nghia,"Bing Long - Ice Cream & Tea - Khu Đô Thị Đô Nghĩa ở Quận Hà Đông, Hà Nội | Foody.vn","Bing Long - Ice Cream & Tea - Khu Đô Thị Đô Nghĩa - Café/Dessert tại U05 L42 Khu Đô Thị Đô Nghĩa, P. Yên Nghĩa, Quận Hà Đông, Hà Nội","U05 L42 Khu Đô Thị Đô Nghĩa, P. Yên Nghĩa",Hà Nội,Quận Hà Đông,,20.9572325,105.7372365,,,0.0,0.0,0.0,0.0,60.0,Bing Long,,"Trà sữa, sữa dứa, sữa chua, kem, yakult, sundae, trà",Café/Dessert,,,,DOW=0 8:0 - 22:0,0.0,0.0,0.0,0.0,0.0
6930,Kombo cơm niêu Singapore - 46 Trần Đại Nghĩa,"46 Trần Đại Nghĩa, P. Đồng Tâm, Q. Hai Bà Trưng, Hà Nội",https://www.foody.vn/ha-noi/kombo-com-nieu-singapore-tran-dai-nghia,ok,,674183.0,KOMBO - CÆ¡m NiÃªu Singapore - Tráº§n Ä�áº¡i NghÄ©a,https://www.foody.vn/ha-noi/kombo-com-nieu-singapore-tran-dai-nghia,"KOMBO - CÆ¡m NiÃªu Singapore - Tráº§n Ä�áº¡i NghÄ©a á»Ÿ Quáº­n Hai BÃ TrÆ°ng, HÃ Ná»™i | Foody.vn","KOMBO - CÆ¡m NiÃªu Singapore - Tráº§n Ä�áº¡i NghÄ©a - NhÃ  hÃ ng - Singapore táº¡i 46 Tráº§n Ä�áº¡i NgÄ©a, P. Ä�á»“ng TÃ¢m, Quáº­n Hai BÃ  TrÆ°ng, HÃ  Ná»™i. GiÃ¡ bÃ¬nh quÃ¢n Ä‘áº§u ngÆ°á»�i 40.000Ä‘ - 100.000Ä‘","46 Tráº§n Ä�áº¡i NgÄ©a, P. Ä�á»“ng TÃ¢m",HÃ  Ná»™i,Quáº­n Hai BÃ  TrÆ°ng,Báº¡ch Mai,21.001744,105.844988,,,40000.0,100000.0,6.074,41.0,4269.0,KOMBO - CÆ¡m NiÃªu Singapore,Náº±m ngay NgÃ£ ráº½ Tráº§n Ä�áº¡i NghÄ©a - LÃª Thanh Nghá»‹,"KOMBO, KOMBO tráº§n Ä‘áº¡i nghÄ©a, cÆ¡m niÃªu singapore, cÆ¡m niÃªu ngon, cÆ¡m niÃªu 46 tráº§n Ä‘áº¡i nghÄ©a, cÆ¡m niÃªu khu hai bÃ  trÆ°ng, KOMBO 46 tráº§n Ä‘áº¡i nghÄ©a, kom bo",NhÃ  hÃ ng,Singapore,Gia Ä‘Ã¬nh|NhÃ³m há»™i,Kombo ngon::12345678|Kombo ngon::12345678,DOW=0 6:0 - 21:0,,,,,
7160,Bún Chả Mẹ Nga - Vân Hồ 3,"90a Phố Vân Hồ 3, Lê Đại Hành, Hai Bà Trưng, Hà Nội, Việt Nam",https://www.foody.vn/ha-noi/bun-cha-me-nga-van-ho-3,ok,,929108.0,Bún Chả Mẹ Nga - Vân Hồ 3,https://www.foody.vn/ha-noi/bun-cha-me-nga-van-ho-3,"Bún Chả Mẹ Nga - Vân Hồ 3 ở Quận Hai Bà Trưng, Hà Nội | Foody.vn","Bún Chả Mẹ Nga - Vân Hồ 3 - Quán ăn - Món Việt tại 90A Vân Hồ 3, P. Lê Đại Hành, Quận Hai Bà Trưng, Hà Nội. Giá bình quân đầu người 20.000đ - 40.000đ","90A Vân Hồ 3, P. Lê Đại Hành",Hà Nội,Quận Hai Bà Trưng,,21.0089424,105.8464597,,,20000.0,40000.0,0.0,0.0,212.0,Bún Chả Mẹ Nga,,"bún chả mẹ nga, mẹ nga, bún chả nem rán, bún chả vân hồ",Quán ăn,Món Việt,Cặp đôi|Gia đình|Giới văn phòng,,DOW=0 9:30 - 14:0,0.0,0.0,0.0,0.0,0.0
72445,Bếp Cô Nụ - Bánh Mì Chảo Sốt Vang & Gà Viên Chiên - Trần Đại Nghĩa,"26 Ngõ 183 Trần Đại Nghĩa, Phường Đồng Tâm, Quận Hai Bà Trưng, Hà Nội",https://www.foody.vn/ha-noi/banh-mi-bep-co-nu-banh-mi-chao-com-tron,ok,,1170422.0,Bánh Mì Bếp Cô Nụ - Bánh Mì Chảo & Cơm Trộn,https://www.foody.vn/ha-noi/banh-mi-bep-co-nu-banh-mi-chao-com-tron,"Bánh Mì Bếp Cô Nụ - Bánh Mì Chảo & Cơm Trộn ở Quận Hai Bà Trưng, Hà Nội | Foody.vn","Bánh Mì Bếp Cô Nụ - Bánh Mì Chảo & Cơm Trộn - Quán ăn tại 26 Ngõ 183 Trần Đại Nghĩa, P. Đồng Tâm, Quận Hai Bà Trưng, Hà Nội. Giá bình quân đầu người 15.000đ - 50.000đ","26 Ngõ 183 Trần Đại Nghĩa, P. Đồng Tâm",Hà Nội,Quận Hai Bà Trưng,,21.0002701,105.8463178,,,15000.0,50000.0,0.0,0.0,70.0,,,"bánh mì, bánh Sandwich, gà viên chiên",Quán ăn,,,,DOW=0 10:0 - 21:0,0.0,0.0,0.0,0.0,0.0
72995,2Mlem - Đồ Ăn Vặt & Mì - Đê Tô Hoàng,"25 Ngõ 67 Đê Tô Hoàng, Phường Cầu Dền, Quận Hai Bà Trưng, Hà Nội",https://www.foody.vn/ha-noi/2mlem-do-an-vat-mi-ngo-de-to-hoang.2pvbce,ok,,1000082963.0,2Mlem - Đồ Ăn Vặt & Mì - Ngõ Đê Tô Hoàng,https://www.foody.vn/ha-noi/2mlem-do-an-vat-mi-ngo-de-to-hoang.2pvbce,"2Mlem - Đồ Ăn Vặt & Mì - Ngõ Đê Tô Hoàng ở Quận Hai Bà Trưng, Hà Nội | Foody.vn","2Mlem - Đồ Ăn Vặt & Mì - Ngõ Đê Tô Hoàng - Shop Online - Món Việt tại Số 25 Ngõ 67 Đê Tô Hoàng, Quận Hai Bà Trưng, Hà Nội",Số 25 Ngõ 67 Đê Tô Hoàng,Hà Nội,Quận Hai Bà Trưng,,21.0070239,105.8503404,,,0.0,0.0,0.0,0.0,2.0,,,,Shop Online,Món Việt,,,DOW=0 10:30 - 23:30,0.0,0.0,0.0,0.0,0.0
73374,Cháo Ngon Cukking - Chùa Liên Phái,"81 Chùa Liên Phái, Phường Cầu Dền, Quận Hai Bà Trưng, Hà Nội",https://www.foody.vn/ha-noi/chao-ngon-cukking-chao-chua-lien-phai,ok,,1000073914.0,CHÁO NGON CUKKING - Cháo - Chùa Liên Phái ,https://www.foody.vn/ha-noi/chao-ngon-cukking-chao-chua-lien-phai,"CHÁO NGON CUKKING - Cháo - Chùa Liên Phái ở Quận Hai Bà Trưng, Hà Nội | Foody.vn","CHÁO NGON CUKKING - Cháo - Chùa Liên Phái - Shop Online, Giao cơm văn phòng - Món Bắc tại 81 Chùa Liên Phái, P. Cầu Dền, Quận Hai Bà Trưng, Hà Nội","81 Chùa Liên Phái, P. Cầu Dền",Hà Nội,Quận Hai Bà Trưng,,21.0051252,105.8486965,,,0.0,0.0,0.0,0.0,8.0,,,,Shop Online|Giao cơm văn phòng,Món Bắc,,,DOW=0 0:0 - 23:59,0.0,0.0,0.0,0.0,0.0
78552,1920 Coffee And Tea - Nguyễn Hiền,"103 K1 Nguyễn Hiền, Phường Bách Khoa, Quận Hai Bà Trưng, Hà Nội",https://www.foody.vn/ha-noi/x-coffee-nguyen-hien,ok,,284577.0,X - Coffee - Nguyễn Hiền,https://www.foody.vn/ha-noi/x-coffee-nguyen-hien,"X - Coffee - Nguyễn Hiền ở Quận Hai Bà Trưng, Hà Nội | Foody.vn","X - Coffee - Nguyễn Hiền - Café/Dessert - Món Việt tại 103 K10 Khu TT Bách Khoa, Nguyễn Hiền, Quận Hai Bà Trưng, Hà Nội. Giá bình quân đầu người 15.000đ - 35.000đ","103 K10 Khu TT Bách Khoa, Nguyễn Hiền",Hà Nội,Quận Hai Bà Trưng,Đại Học Bách Khoa,21.001062,105.847442,,,15000.0,35000.0,0.0,0.0,63.0,,Từ Tạ Quang Bửu rẽ sang Nguyễn Hiền khoảng 50m,"X - Coffee, X - Coffee nguyễn hiền, x coffee nguyễn hiền, x coffee, cafe ở nguyễn hiền",Café/Dessert,Món Việt,Cặp đôi|Nhóm hội|Giới văn phòng,,DOW=0 6:30 - 23:30,0.0,0.0,0.0,0.0,0.0
80180,"Quyên Phở Gà - Phở, Mì & Miến Trộn - Phố Vọng","52 Phố Vọng, Phương Mai, Đống Đa, Hà Nội",https://www.foody.vn/ha-noi/quyen-pho-ga-mi-mien-tron-pho-vong,ok,,1125947.0,"Quyên Phở Gà - Mì, Miến Trộn - Phố Vọng",https://www.foody.vn/ha-noi/quyen-pho-ga-mi-mien-tron-pho-vong,"Quyên Phở Gà - Mì, Miến Trộn - Phố Vọng ở Quận Đống Đa, Hà Nội | Foody.vn","Quyên Phở Gà - Mì, Miến Trộn - Phố Vọng - Quán ăn tại 52 Phố Vọng, P. Phương Mai, Quận Đống Đa, Hà Nội. Giá bình quân đầu người 10.000đ - 60.000đ","52 Phố Vọng, P. Phương Mai",Hà Nội,Quận Đống Đa,,20.998209,105.842191,,,10000.0,60000.0,0.0,0.0,23.0,,,"Quyên, Phở Gà, Mì, Miến Trộn",Quán ăn,,,,DOW=0 9:0 - 21:2,0.0,0.0,0.0,0.0,0.0
86930,Bún Cá Cô Minh - Tạ Quang Bửu,"Số 3 Ngõ 40/2 Tạ Quang Bửu, Phường Bách Khoa, Quận Hai Bà Trưng, Hà Nội",https://www.foody.vn/ha-noi/bun-ca-co-minh-ta-quang-buu.nt1qad,ok,,1000048639.0,Bún Cá Cô Minh - Tạ Quang Bửu,https://www.foody.vn/ha-noi/bun-ca-co-minh-ta-quang-buu.nt1qad,"Bún Cá Cô Minh - Tạ Quang Bửu ở Quận Hai Bà Trưng, Hà Nội | Foody.vn","Bún Cá Cô Minh - Tạ Quang Bửu - Quán ăn - Món Bắc, Món Miền Trung, Món Miền Nam, Tây Nguyên tại 2 Ngõ 17 Tạ Quang Bửu, P. Bách Khoa, Quận Hai Bà Trưng, Hà Nội","2 Ngõ 17 Tạ Quang Bửu, P. Bách Khoa",Hà Nội,Quận Hai Bà Trưng,,21.0041053,105.8482156,,,0.0,0.0,0.0,0.0,43.0,,,"Bún,cá,riêu,bò,gà",Quán ăn,Món Bắc|Món Miền Trung|Món Miền Nam|Tây Nguyên,Sinh viên|Cặp đôi|Gia đình|Nhóm hội|Giới văn phòng|Giới Manager|Khách du lịch|Trẻ em,,DOW=0 9:0 - 22:0,0.0,0.0,0.0,0.0,0.0
8919,Cơm Sạch Mẹ Shin - Tô Hoàng,"Sn 50 Ngõ Tô Hoàng, Phường Cầu Dền, Quận Hai Bà Trưng, Hà Nội",https://www.foody.vn/ha-noi/do-an-sach-me-shin-sn6-ngach-26-ngo-67-de-to-hoang,ok,,1108541.0,Đồ Ăn Sạch Mẹ Shin - SN6 Ngách 26 Ngõ 67 Đê Tô Hoàng,https://www.foody.vn/ha-noi/do-an-sach-me-shin-sn6-ngach-26-ngo-67-de-to-hoang,"Đồ Ăn Sạch Mẹ Shin - SN6 Ngách 26 Ngõ 67 Đê Tô Hoàng ở Quận Hai Bà Trưng, Hà Nội | Foody.vn","Đồ Ăn Sạch Mẹ Shin - SN6 Ngách 26 Ngõ 67 Đê Tô Hoàng - Shop/Cửa hàng tại SN6 Ngách 26 Ngõ 67 Đê Tô Hoàng, P. Cầu Dền, Quận Hai Bà Trưng, Hà Nội. Giá bình quân đầu người 50.000đ - 500.000đ","SN6 Ngách 26 Ngõ 67 Đê Tô Hoàng, P. Cầu Dền",Hà Nội,Quận Hai Bà Trưng,,21.0076024,105.8501079,,,50000.0,500000.0,0.0,0.0,2.0,,,Đồ ăn sạch mẹ Shin  SN6 Ngách 26 Ngõ 67 Đê Tô Hoàng,Shop/Cửa hàng,,,,DOW=0 10:0 - 20:0,0.0,0.0,0.0,0.0,0.0
91370,An Toàn Khu Coffee - Thanh Nhàn,"111 Khu Tập Thể 257 Thanh Nhàn, Hai Bà Trưng, Hà Nội",https://www.foody.vn/ha-noi/cali-cafe-thanh-nhan,ok,,271685.0,Cali Cafe - Thanh Nhàn,https://www.foody.vn/ha-noi/cali-cafe-thanh-nhan,"Cali Cafe - Thanh Nhàn ở Quận Hai Bà Trưng, Hà Nội | Foody.vn","Cali Cafe - Thanh Nhàn - Café/Dessert - Món Việt tại 134 Thanh Nhàn, Quận Hai Bà Trưng, Hà Nội. Giá bình quân đầu người 25.000đ - 150.000đ",134 Thanh Nhàn,Hà Nội,Quận Hai Bà Trưng,Công Viên Thống Nhất,21.003251,105.851118,,,25000.0,150000.0,0.0,0.0,67.0,,Nằm ngay Ngã rẽ Thanh Nhàn - Bạch Mai,"Cali Cafe, Cali Cafe thanh nhàn, coffee ngon, cafe gần hai bà trưng, cafe thanh nhàn, cafe gần công viên thống nhất",Café/Dessert,Món Việt,Sinh viên|Nhóm hội|Giới văn phòng,,DOW=0 8:0 - 22:0,0.0,0.0,0.0,0.0,0.0
92263,Đồ Ăn Vặt Lay Mart - Đại Cồ Việt,"31 Ngõ 66 Đại Cồ Việt, Phường Lê Đại Hành, Quận Hai Bà Trưng, Hà Nội",https://www.foody.vn/ha-noi/lay-mart-cua-hang-tien-loi-do-an-vat,ok,,1210087.0,LAY MART - Cửa Hàng Tiện Lợi & Đồ Ăn Vặt,https://www.foody.vn/ha-noi/lay-mart-cua-hang-tien-loi-do-an-vat,"LAY MART - Cửa Hàng Tiện Lợi & Đồ Ăn Vặt ở Quận Hai Bà Trưng, Hà Nội | Foody.vn","LAY MART - Cửa Hàng Tiện Lợi & Đồ Ăn Vặt - Quán ăn tại 31 Ngõ 66 Đại Cồ Việt, P. Lê Đại Hành, Quận Hai Bà Trưng, Hà Nội","31 Ngõ 66 Đại Cồ Việt, P. Lê Đại Hành",Hà Nội,Quận Hai Bà Trưng,,21.0087478,105.8477237,,,0.0,0.0,0.0,0.0,28.0,,,"LAY MART, Cửa Hàng Tiện Lợi, Đồ Ăn Vặt",Quán ăn,,,,DOW=0 10:0 - 21:30,0.0,0.0,0.0,0.0,0.0
93168,Minh Sơn - Bún Trộn & Phở Chiên Phồng - Bạch Mai,"Số 9 Ngách 47 Ngõ 459 Bạch Mai, P. Bạch Mai, Hai Bà Trưng, Hà Nội",https://www.foody.vn/ha-noi/minh-son-bun-tron-pho-chien-phong-bach-mai,ok,,1223948.0,Minh Sơn - Bún Trộn & Phở Chiên Phồng - Bạch Mai,https://www.foody.vn/ha-noi/minh-son-bun-tron-pho-chien-phong-bach-mai,"Minh Sơn - Bún Trộn & Phở Chiên Phồng - Bạch Mai ở Quận Hai Bà Trưng, Hà Nội | Foody.vn","Minh Sơn - Bún Trộn & Phở Chiên Phồng - Bạch Mai - Quán ăn tại Số 9 ngách 47 ngõ 459 Bạch Mai, P. Bạch Mai, Quận Hai Bà Trưng, Hà Nội","Số 9 ngách 47 ngõ 459 Bạch Mai, P. Bạch Mai",Hà Nội,Quận Hai Bà Trưng,,20.9978746,105.8510005,,,0.0,0.0,0.0,0.0,7.0,,,Minh Sơn - Bún Trộn & Phở Chiên Phồng - Bạch Mai,Quán ăn,,,,DOW=0 8:0 - 20:0,0.0,0.0,0.0,0.0,0.0
9934,Bún Bò Huế Lan Chi - Đại Cồ Việt,"51 Đại Cồ Việt, Bách Khoa, Hai Bà Trưng, Hà Nội, Việt Nam",https://www.foody.vn/ha-noi/lan-chi-bun-bo-hue,ok,,795394.0,Lan Chi - Bún Bò Huế,https://www.foody.vn/ha-noi/lan-chi-bun-bo-hue,"Lan Chi - Bún Bò Huế ở Quận Hai Bà Trưng, Hà Nội | Foody.vn","Lan Chi - Bún Bò Huế - Quán ăn - Món Huế tại 51 Đại Cồ Việt, P. Bách Khoa, Quận Hai Bà Trưng, Hà Nội. Giá bình quân đầu người 35.000đ - 50.000đ","51 Đại Cồ Việt, P. Bách Khoa",Hà Nội,Quận Hai Bà Trưng,Công Viên Thống Nhất,21.008017,105.846633,,,35000.0,50000.0,9.3,2.0,438.0,,Từ Giải Phóng rẽ phải ra Đại Cồ Việt khoảng 500m,"bún bò huế, lan chi, bún bò huế lan chi, 51 đại cồ việt, bún bò huế lan chi đại cồ việt, bún bò huế đại cồ việt",Quán ăn,Món Huế,Gia đình|Nhóm hội|Giới văn phòng,,DOW=0 9:0 - 21:0,9.5,9.5,9.5,10.0,8.0
