node_id,label,name,properties
store:5117,Store,Phúc Long - Tạ Quang Bửu,"{""price"": ""50000"", ""rating"": ""4.95"", ""store_id"": ""5117""}"
category:cafe_tea,Category,cafe_tea,"{""category_type"": ""primary""}"
area:bach_khoa:hai_ba_trung,Area,"Bách Khoa, Hai Bà Trưng","{""city"": ""Hà Nội""}"
store:24209,Store,Nước Dừa Trân Châu Phú Yên - Trần Đại Nghĩa,"{""price"": ""28000"", ""rating"": ""5.0"", ""store_id"": ""24209""}"
category:sinh_to_nuoc_ep_sua,Category,sinh_to_nuoc_ep_sua,"{""category_type"": ""primary""}"
store:27878,Store,Bánh Tráng Nướng Thảo Tồ - Tạ Quang Bửu,"{""price"": ""25000"", ""rating"": ""4.2"", ""store_id"": ""27878""}"
category:an_vat,Category,an_vat,"{""category_type"": ""primary""}"
store:28819,Store,Highlands Coffee - Trần Đại Nghĩa,"{""price"": ""39000"", ""rating"": ""4.55"", ""store_id"": ""28819""}"
store:32441,Store,Mì Cay Seoul - Trần Đại Nghĩa,"{""price"": ""33000"", ""rating"": ""4.45"", ""store_id"": ""32441""}"
category:noodle_rice_fastcasual,Category,noodle_rice_fastcasual,"{""category_type"": ""primary""}"
store:37364,Store,Quán Ngon - Gà Tần & Bánh Cuốn Nóng - Tạ Quang Bửu,"{""price"": ""30000"", ""rating"": ""0.0"", ""store_id"": ""37364""}"
category:mon_truyen_thong_đac_san,Category,mon_truyen_thong_đac_san,"{""category_type"": ""primary""}"
store:86930,Store,Bún Cá Cô Minh - Tạ Quang Bửu,"{""price"": ""40000"", ""rating"": ""4.31"", ""store_id"": ""86930""}"
area:phuong_bach_khoa:quan_hai_ba_trung,Area,"Phường Bách Khoa, Quận Hai Bà Trưng","{""city"": ""Hà Nội""}"
store:96198,Store,92 Degree - Trần Đại Nghĩa,"{""price"": ""48000"", ""rating"": ""0.0"", ""store_id"": ""96198""}"
store:118180,Store,1000M - Trà & Trà Sữa Shan Tuyết Thượng Hạng - Trần Đại Nghĩa,"{""price"": ""0"", ""rating"": ""5.0"", ""store_id"": ""118180""}"
area:phuong_bach_mai:phuong_bach_mai,Area,"Phường Bạch Mai, Phường Bạch Mai","{""city"": ""Hà Nội""}"
store:118304,Store,Tiệm Trà Trái Cây Suncha - Trần Đại Nghĩa,"{""price"": ""0"", ""rating"": ""5.0"", ""store_id"": ""118304""}"
category:quan_ca_phe,Category,quan_ca_phe,"{""category_type"": ""place_type""}"
category:ca_phe,Category,ca_phe,"{""category_type"": ""offering""}"
category:nha_hang_thuc_an_nhanh,Category,nha_hang_thuc_an_nhanh,"{""category_type"": ""offering""}"
category:ca_phe_ngon,Category,ca_phe_ngon,"{""category_type"": ""highlight""}"
category:mon_trang_mieng_ngon,Category,mon_trang_mieng_ngon,"{""category_type"": ""highlight""}"
category:nhieu_tra_ngon,Category,nhieu_tra_ngon,"{""category_type"": ""highlight""}"
category:quan_an_nho,Category,quan_an_nho,"{""category_type"": ""place_type""}"
category:nha_hang_han_quoc,Category,nha_hang_han_quoc,"{""category_type"": ""place_type""}"
category:nha_hang_an_nhanh,Category,nha_hang_an_nhanh,"{""category_type"": ""place_type""}"
category:nha_hang_pho,Category,nha_hang_pho,"{""category_type"": ""place_type""}"
category:nha_hang,Category,nha_hang,"{""category_type"": ""place_type""}"
category:quan_an_nhe,Category,quan_an_nhe,"{""category_type"": ""place_type""}"
category:an_thoa_thich,Category,an_thoa_thich,"{""category_type"": ""offering""}"
category:bia,Category,bia,"{""category_type"": ""offering""}"
category:cac_mon_chay,Category,cac_mon_chay,"{""category_type"": ""offering""}"
category:cac_mon_thuan_chay,Category,cac_mon_thuan_chay,"{""category_type"": ""offering""}"
category:co_gio_giam_gia_đac_biet,Category,co_gio_giam_gia_đac_biet,"{""category_type"": ""offering""}"
category:đo_an_khuya,Category,đo_an_khuya,"{""category_type"": ""offering""}"
category:đo_uong_vao_gio_vang,Category,đo_uong_vao_gio_vang,"{""category_type"": ""offering""}"
category:mon_an_tu_nguyen_lieu_huu_co,Category,mon_an_tu_nguyen_lieu_huu_co,"{""category_type"": ""offering""}"
category:phan_an_nho,Category,phan_an_nho,"{""category_type"": ""offering""}"
category:phong_an_rieng_tu,Category,phong_an_rieng_tu,"{""category_type"": ""offering""}"
category:quay_rau_tron,Category,quay_rau_tron,"{""category_type"": ""offering""}"
category:ruou,Category,ruou,"{""category_type"": ""offering""}"
category:cho_ngoi_tren_san_thuong,Category,cho_ngoi_tren_san_thuong,"{""category_type"": ""highlight""}"
category:lo_suoi,Category,lo_suoi,"{""category_type"": ""highlight""}"
category:the_thao,Category,the_thao,"{""category_type"": ""highlight""}"
context:crowd:du_khach,ContextTag,du_khach,"{""tag_type"": ""crowd""}"
context:crowd:nhom,ContextTag,nhom,"{""tag_type"": ""crowd""}"
context:crowd:sinh_vien,ContextTag,sinh_vien,"{""tag_type"": ""crowd""}"
context:popular_for:phu_hop_đe_lam_viec_tren_may_tinh_xach_tay,ContextTag,phu_hop_đe_lam_viec_tren_may_tinh_xach_tay,"{""tag_type"": ""popular_for""}"
context:dining_time_or_option:bua_sang,ContextTag,bua_sang,"{""tag_type"": ""dining_time_or_option""}"
context:dining_time_or_option:bua_nua_buoi,ContextTag,bua_nua_buoi,"{""tag_type"": ""dining_time_or_option""}"
context:dining_time_or_option:dich_vu_an_uong,ContextTag,dich_vu_an_uong,"{""tag_type"": ""dining_time_or_option""}"
context:dining_time_or_option:mon_trang_mieng,ContextTag,mon_trang_mieng,"{""tag_type"": ""dining_time_or_option""}"
context:dining_time_or_option:phuc_vu_tai_ban,ContextTag,phuc_vu_tai_ban,"{""tag_type"": ""dining_time_or_option""}"
context:atmosphere:am_cung,ContextTag,am_cung,"{""tag_type"": ""atmosphere""}"
context:atmosphere:thong_thuong,ContextTag,thong_thuong,"{""tag_type"": ""atmosphere""}"
context:dining_time_or_option:cho_ngoi,ContextTag,cho_ngoi,"{""tag_type"": ""dining_time_or_option""}"
context:popular_for:bua_toi,ContextTag,bua_toi,"{""tag_type"": ""popular_for""}"
context:popular_for:an_toi_mot_minh,ContextTag,an_toi_mot_minh,"{""tag_type"": ""popular_for""}"
context:dining_time_or_option:bua_trua,ContextTag,bua_trua,"{""tag_type"": ""dining_time_or_option""}"
context:dining_time_or_option:bua_toi,ContextTag,bua_toi,"{""tag_type"": ""dining_time_or_option""}"
context:crowd:chao_đon_nhung_nguoi_thuoc_gioi_lgbtq,ContextTag,chao_đon_nhung_nguoi_thuoc_gioi_lgbtq,"{""tag_type"": ""crowd""}"
context:crowd:danh_cho_gia_đinh,ContextTag,danh_cho_gia_đinh,"{""tag_type"": ""crowd""}"
context:crowd:noi_an_toan_cho_nguoi_chuyen_gioi,ContextTag,noi_an_toan_cho_nguoi_chuyen_gioi,"{""tag_type"": ""crowd""}"
context:popular_for:bua_sang,ContextTag,bua_sang,"{""tag_type"": ""popular_for""}"
context:dining_time_or_option:dich_vu_tai_quay,ContextTag,dich_vu_tai_quay,"{""tag_type"": ""dining_time_or_option""}"
service:an_tai_cho,ServiceOption,an_tai_cho,{}
service:đo_an_mang_đi,ServiceOption,đo_an_mang_đi,{}
service:giao_hang_gian_tiep,ServiceOption,giao_hang_gian_tiep,{}
service:table_service,ServiceOption,table_service,{}
service:seating,ServiceOption,seating,{}
service:mua_hang_ngay_tren_xe,ServiceOption,mua_hang_ngay_tren_xe,{}
service:counter_service,ServiceOption,counter_service,{}
aspect:taste,Aspect,taste,{}
aspect:value_for_money,Aspect,value_for_money,{}
aspect:cleanliness,Aspect,cleanliness,{}
aspect:space,Aspect,space,{}
aspect:staff_service,Aspect,staff_service,{}
aspect:delivery_accuracy,Aspect,delivery_accuracy,{}
aspect:work_friendly,Aspect,work_friendly,{}
review:be_5117_62,Review,"ngon mới uống ts lài thấy k ngấy thơm trà, Ngon xỉu","{""rating"": ""5.0"", ""sentiment"": ""positive"", ""source"": ""befood""}"
review:be_5117_63,Review,"Ngon xỉu, Đáng đồng tiền, Sạch sẽ, Đóng gói tốt","{""rating"": ""5.0"", ""sentiment"": ""positive"", ""source"": ""befood""}"
review:be_5117_64,Review,Khá ngon,"{""rating"": ""4.0"", ""sentiment"": ""positive"", ""source"": ""befood""}"
review:be_5117_65,Review,"ngon, đậm vị trà, dễ uống","{""rating"": ""5.0"", ""sentiment"": ""positive"", ""source"": ""befood""}"
review:be_5117_66,Review,,"{""rating"": ""5.0"", ""sentiment"": ""positive"", ""source"": ""befood""}"
review:be_5117_67,Review,,"{""rating"": ""5.0"", ""sentiment"": ""positive"", ""source"": ""befood""}"
review:be_5117_68,Review,,"{""rating"": ""5.0"", ""sentiment"": ""positive"", ""source"": ""befood""}"
review:be_5117_69,Review,,"{""rating"": ""5.0"", ""sentiment"": ""positive"", ""source"": ""befood""}"
review:be_5117_70,Review,,"{""rating"": ""5.0"", ""sentiment"": ""positive"", ""source"": ""befood""}"
review:be_5117_71,Review,,"{""rating"": ""5.0"", ""sentiment"": ""positive"", ""source"": ""befood""}"
review:be_5117_72,Review,,"{""rating"": ""5.0"", ""sentiment"": ""positive"", ""source"": ""befood""}"
review:be_5117_73,Review,,"{""rating"": ""5.0"", ""sentiment"": ""positive"", ""source"": ""befood""}"
review:be_5117_74,Review,,"{""rating"": ""5.0"", ""sentiment"": ""positive"", ""source"": ""befood""}"
review:be_5117_75,Review,,"{""rating"": ""5.0"", ""sentiment"": ""positive"", ""source"": ""befood""}"
review:be_5117_76,Review,,"{""rating"": ""5.0"", ""sentiment"": ""positive"", ""source"": ""befood""}"
review:be_5117_77,Review,,"{""rating"": ""5.0"", ""sentiment"": ""positive"", ""source"": ""befood""}"
review:be_5117_78,Review,,"{""rating"": ""5.0"", ""sentiment"": ""positive"", ""source"": ""befood""}"
review:be_5117_79,Review,,"{""rating"": ""5.0"", ""sentiment"": ""positive"", ""source"": ""befood""}"
review:be_5117_80,Review,,"{""rating"": ""5.0"", ""sentiment"": ""positive"", ""source"": ""befood""}"
review:be_5117_81,Review,,"{""rating"": ""5.0"", ""sentiment"": ""positive"", ""source"": ""befood""}"
review:foody_17358299,Review,Phúc Long Trần Đại Nghĩa Quá tệ Mình vào oder nhân viên lơ lơ vẫn ngồi nói chuyệ,"{""rating"": ""1.1"", ""sentiment"": ""negative"", ""source"": ""foody""}"
review:foody_14956894,Review,Phúc Long Trần Đại Nghĩa Hi. Mình có order Caramel chảy bên PL kết quả là bạn mì,"{""rating"": ""2.9"", ""sentiment"": ""neutral"", ""source"": ""foody""}"
review:foody_14395393,Review,Nhân viên cần training 11h sáng Khách đang ngồi tự dưng ra tắt bụp phát hết đèn ,"{""rating"": ""2.2"", ""sentiment"": ""neutral"", ""source"": ""foody""}"
review:foody_12514617,Review,Đồ uống có vị xăng Sáng nay mình vừa mua 1 cốc phúc long ở phúc long trần đại ng,"{""rating"": ""0.5"", ""sentiment"": ""negative"", ""source"": ""foody""}"
review:foody_12312097,Review,Giao nhầm hàng M đặt trà đào sữa đá. Cửa hàng giao ko có sữa. :). dừa xay đá chá,"{""rating"": ""0.5"", ""sentiment"": ""negative"", ""source"": ""foody""}"
review:foody_12164334,Review,"Đồ uống dở tệ. chọn Ô long sữa, mà vẫn đắng và nhạt. Do trà sữa vừa pha nóng, nó","{""rating"": ""1.4"", ""sentiment"": ""negative"", ""source"": ""foody""}"
review:foody_8896337,Review,Đồ uống ngon nhưng vì sao mình lại cho 1 điểm !!! Đồ uống thì mình thấy không có,"{""rating"": ""0.5"", ""sentiment"": ""negative"", ""source"": ""foody""}"
review:foody_8273857,Review,"Đồ uống ổn Quán rộng nhưng rất rất đông, mình đến buổi tối phải xếp hàng chờ 1 l","{""rating"": ""3.9"", ""sentiment"": ""neutral"", ""source"": ""foody""}"
review:foody_5989623,Review,"Phúc Long Coffee & Tea - Trần Đại Nghĩa Cửa hàng bé, không có chỗ gửi xe, bắt bu","{""rating"": ""1.6"", ""sentiment"": ""negative"", ""source"": ""foody""}"
review:foody_5987630,Review,Phúc Long Coffee & Tea - Trần Đại Nghĩa Ngồi thử cơ sở này vì gần nhà hơn nhưng ,"{""rating"": ""2.4"", ""sentiment"": ""neutral"", ""source"": ""foody""}"
review:google_5117_0,Review,"Phúc Long – 69 Trần Đại Nghĩa, Hải Phòng

☕ Quán nằm trên trục đường Trần Đại ","{""rating"": ""5.0"", ""sentiment"": ""positive"", ""source"": ""google""}"
review:google_5117_1,Review,"Các món liên quan tới trà sữa ngon nhưng trà thì chưa thật sự vừa ý, nhân viên o","{""rating"": ""3.0"", ""sentiment"": ""neutral"", ""source"": ""google""}"
review:google_5117_2,Review,"Đồ uống giá cao, chất lượng không tương xứng. Trà nhãn sen, nếu topping chỉ có n","{""rating"": ""1.0"", ""sentiment"": ""negative"", ""source"": ""google""}"
review:google_5117_3,Review,Đang tìm chỗ ngồi nch ai ngờ bước vào thấy nguyên cái quán học bài :))). Ord nướ,"{""rating"": ""2.0"", ""sentiment"": ""negative"", ""source"": ""google""}"
review:google_5117_4,Review,"Mình thường xuyên ghé Phúc Long cơ sở Trần Đại Nghĩa, nhưng lần nào tới cũng bị ","{""rating"": ""3.0"", ""sentiment"": ""neutral"", ""source"": ""google""}"
review:google_5117_5,Review,Tệ. Trên hoá đơn ghi mở cửa đến 23h nhưng 22h đã đuổi khách. Trước khi vào đã cẩ,"{""rating"": ""1.0"", ""sentiment"": ""negative"", ""source"": ""google""}"
review:google_5117_6,Review,"Đồ uống siêu tệ nha. Hạt đác thơm ko đều, hạt nhũn hạt cứng. Dứa thì cứng và xơ,","{""rating"": ""2.0"", ""sentiment"": ""negative"", ""source"": ""google""}"
review:google_5117_7,Review,"Quán ko gian rộng, 2 tầng còn tầng t3 thì đang setup, khách hàng chủ yếu là sinh","{""rating"": ""4.0"", ""sentiment"": ""positive"", ""source"": ""google""}"
review:be_24209_84,Review,Ngon xỉu,"{""rating"": ""5.0"", ""sentiment"": ""positive"", ""source"": ""befood""}"
review:be_24209_85,Review,,"{""rating"": ""5.0"", ""sentiment"": ""positive"", ""source"": ""befood""}"
review:be_27878_99,Review,"Delicious, Worth the price, Clean, Good packaging","{""rating"": ""5.0"", ""sentiment"": ""positive"", ""source"": ""befood""}"
review:be_27878_100,Review,Đóng gói tốt,"{""rating"": ""5.0"", ""sentiment"": ""positive"", ""source"": ""befood""}"
review:be_27878_101,Review,"Clean, Worth the price, Delicious, Good packaging","{""rating"": ""5.0"", ""sentiment"": ""positive"", ""source"": ""befood""}"
review:be_27878_102,Review,"Delicious, Worth the price, Clean, Good packaging","{""rating"": ""5.0"", ""sentiment"": ""positive"", ""source"": ""befood""}"
review:be_27878_103,Review,Ngon xỉu,"{""rating"": ""5.0"", ""sentiment"": ""positive"", ""source"": ""befood""}"
review:be_27878_104,Review,Khá ngon,"{""rating"": ""4.0"", ""sentiment"": ""positive"", ""source"": ""befood""}"
review:be_27878_105,Review,"giao thiếu món, Sai/Thiếu món, Không làm đúng ghi chú","{""rating"": ""2.0"", ""sentiment"": ""negative"", ""source"": ""befood""}"
review:be_27878_106,Review,hơi khét nha,"{""rating"": ""2.0"", ""sentiment"": ""negative"", ""source"": ""befood""}"
review:be_27878_107,Review,k biết shop quên hay là cố ý là em đặt bánh tráng + 4 trứng mà k thấy bánh tráng,"{""rating"": ""1.0"", ""sentiment"": ""negative"", ""source"": ""befood""}"
review:be_27878_108,Review,trắng ợt k giòn dai như bánh sống kiểu lạ lắm nướng lại cũng k giòn nói chung k ,"{""rating"": ""1.0"", ""sentiment"": ""negative"", ""source"": ""befood""}"
review:be_27878_109,Review,"ăn cũng tạm, điểm trừ vỏ bánh mềm ỉu, k giòn","{""rating"": ""4.0"", ""sentiment"": ""positive"", ""source"": ""befood""}"
review:be_27878_110,Review,,"{""rating"": ""5.0"", ""sentiment"": ""positive"", ""source"": ""befood""}"
review:be_27878_111,Review,,"{""rating"": ""5.0"", ""sentiment"": ""positive"", ""source"": ""befood""}"
review:be_27878_112,Review,,"{""rating"": ""5.0"", ""sentiment"": ""positive"", ""source"": ""befood""}"
review:be_27878_113,Review,,"{""rating"": ""5.0"", ""sentiment"": ""positive"", ""source"": ""befood""}"
review:be_27878_114,Review,,"{""rating"": ""5.0"", ""sentiment"": ""positive"", ""source"": ""befood""}"
review:be_27878_115,Review,,"{""rating"": ""5.0"", ""sentiment"": ""positive"", ""source"": ""befood""}"
review:be_27878_116,Review,,"{""rating"": ""5.0"", ""sentiment"": ""positive"", ""source"": ""befood""}"
review:be_27878_117,Review,,"{""rating"": ""5.0"", ""sentiment"": ""positive"", ""source"": ""befood""}"
review:be_27878_118,Review,,"{""rating"": ""5.0"", ""sentiment"": ""positive"", ""source"": ""befood""}"
review:google_27878_0,Review,"Quán khá rộng, cả trông nhà và sân ngoài trời. Menu rất rất rất nhiều món. Nhưng","{""rating"": ""4.0"", ""sentiment"": ""positive"", ""source"": ""google""}"
review:google_27878_1,Review,"Đồ ăn lên nhanh. Quán ở cạnh sát trạm y tế, có chỗ để xe máy thoải mái luôn. Đún","{""rating"": ""5.0"", ""sentiment"": ""positive"", ""source"": ""google""}"
review:google_27878_2,Review,Không thể đếm được số lần bọn mình đi ăn bánh tráng ở tiệm này. Có đợt là tuần n,"{""rating"": ""5.0"", ""sentiment"": ""positive"", ""source"": ""google""}"
review:google_27878_3,Review,"Quán rộng rãi, menu đồ ăn vặt đa dạng. Trứng cút nướng ngon. Phù hợp với sinh vi","{""rating"": ""4.0"", ""sentiment"": ""positive"", ""source"": ""google""}"
review:google_27878_4,Review,Nhân viên phục vụ tốt mỗi tội bà chủ nói chuyện rất thái độ có í đuổi khách,"{""rating"": ""1.0"", ""sentiment"": ""negative"", ""source"": ""google""}"
review:google_27878_5,Review,Phục vụ lâu quá,"{""rating"": ""1.0"", ""sentiment"": ""negative"", ""source"": ""google""}"
review:be_28819_21,Review,"Ngon xỉu, Sạch sẽ, Đóng gói tốt, Đáng đồng tiền","{""rating"": ""5.0"", ""sentiment"": ""positive"", ""source"": ""befood""}"
review:be_28819_22,Review,"củ năng như đồ cũ dùng từ hôm qua , trà hnay k được ngon","{""rating"": ""2.0"", ""sentiment"": ""negative"", ""source"": ""befood""}"
review:be_28819_23,Review,sao cốc freeze mà để cốc như vậy? rồi ăn uông kiểu gì ạ????,"{""rating"": ""1.0"", ""sentiment"": ""negative"", ""source"": ""befood""}"
review:be_28819_24,Review,cx ok,"{""rating"": ""5.0"", ""sentiment"": ""positive"", ""source"": ""befood""}"
review:be_28819_25,Review,"quán giao nhầm đơn, đã gửi hỗ trợ nhưng mấy tiếng sau vẫn ko phản hồi","{""rating"": ""5.0"", ""sentiment"": ""positive"", ""source"": ""befood""}"
review:be_28819_26,Review,giao nhầm đồ uống,"{""rating"": ""3.0"", ""sentiment"": ""neutral"", ""source"": ""befood""}"
review:be_28819_27,Review,,"{""rating"": ""5.0"", ""sentiment"": ""positive"", ""source"": ""befood""}"
review:be_28819_28,Review,,"{""rating"": ""5.0"", ""sentiment"": ""positive"", ""source"": ""befood""}"
review:be_28819_29,Review,,"{""rating"": ""5.0"", ""sentiment"": ""positive"", ""source"": ""befood""}"
review:be_28819_30,Review,,"{""rating"": ""5.0"", ""sentiment"": ""positive"", ""source"": ""befood""}"
review:be_28819_31,Review,,"{""rating"": ""5.0"", ""sentiment"": ""positive"", ""source"": ""befood""}"
review:be_28819_32,Review,,"{""rating"": ""5.0"", ""sentiment"": ""positive"", ""source"": ""befood""}"
review:be_28819_33,Review,,"{""rating"": ""5.0"", ""sentiment"": ""positive"", ""source"": ""befood""}"
review:be_28819_34,Review,,"{""rating"": ""5.0"", ""sentiment"": ""positive"", ""source"": ""befood""}"
review:be_28819_35,Review,,"{""rating"": ""5.0"", ""sentiment"": ""positive"", ""source"": ""befood""}"
review:be_28819_36,Review,,"{""rating"": ""5.0"", ""sentiment"": ""positive"", ""source"": ""befood""}"
review:be_28819_37,Review,,"{""rating"": ""5.0"", ""sentiment"": ""positive"", ""source"": ""befood""}"
review:be_28819_38,Review,,"{""rating"": ""5.0"", ""sentiment"": ""positive"", ""source"": ""befood""}"
review:be_28819_39,Review,,"{""rating"": ""5.0"", ""sentiment"": ""positive"", ""source"": ""befood""}"
review:be_28819_40,Review,,"{""rating"": ""5.0"", ""sentiment"": ""positive"", ""source"": ""befood""}"
review:foody_17512612,Review,"Highlands Coffee ưu đãi mua 2 tặng 1, giảm 20k trên sản phẩm Highlands Coffee ưu","{""rating"": ""5.0"", ""sentiment"": ""positive"", ""source"": ""foody""}"
review:foody_17401546,Review,Highlands Coffee - ĐH Bách Khoa HIGHLANDS COFFEE TẶNG BẠN VOUCHER ƯU ĐÃI ĐẶC BIỆ,"{""rating"": ""4.0"", ""sentiment"": ""positive"", ""source"": ""foody""}"
review:foody_6331312,Review,"Freeze trà xanh thơm ngon lắm nạ Đây là quán coffee ngon, đây là quán cà phê rất","{""rating"": ""5.0"", ""sentiment"": ""positive"", ""source"": ""foody""}"
review:foody_3452021,Review,"Highlands Coffee - Đại Học Bách Khoa Highlands thì khỏi phải bàn rồi, mình là kh","{""rating"": ""4.4"", ""sentiment"": ""positive"", ""source"": ""foody""}"
review:foody_3325566,Review,Highlands Coffee - Đại Học Bách Khoa Highlands Coffee nằm ngay cổng sau Đại Học ,"{""rating"": ""4.4"", ""sentiment"": ""positive"", ""source"": ""foody""}"
review:foody_3104347,Review,Highlands Coffee - Đại Học Bách Khoa Quên bỏ đường vào trà Mình không muốn nhưng,"{""rating"": ""2.2"", ""sentiment"": ""neutral"", ""source"": ""foody""}"
review:foody_2977406,Review,"Tôi là người nước ngoài thường xuyên đi đến quán cà phê này Môt lần, các nhân vi","{""rating"": ""4.6"", ""sentiment"": ""positive"", ""source"": ""foody""}"
review:foody_2850992,Review,"Trà thạch đào và trà thạch vải ngon Quán đối điện cổng ĐH Bách Khoa, có không gi","{""rating"": ""3.9"", ""sentiment"": ""neutral"", ""source"": ""foody""}"
review:foody_2538997,Review,Fezze trà xanh best ngon Freeze matcha size bự nhất uống đã cái mồm Thạch dai da,"{""rating"": ""5.0"", ""sentiment"": ""positive"", ""source"": ""foody""}"
review:foody_2404646,Review,Highlands Coffee - Đại Học Bách Khoa Có lần mình sang bên báck khoa chơi thì đượ,"{""rating"": ""4.0"", ""sentiment"": ""positive"", ""source"": ""foody""}"
review:google_28819_0,Review,Quanh phía Hai Bà Trưng thì highlands ở Trần Đại Nghĩa khá là ổn. Không gian rộn,"{""rating"": ""4.0"", ""sentiment"": ""positive"", ""source"": ""google""}"
review:google_28819_1,Review,Quán cafe ngay trc trường cũng tiện. Không gian ổn. Ly mattcha latte lưng lưng n,"{""rating"": ""4.0"", ""sentiment"": ""positive"", ""source"": ""google""}"
review:google_28819_2,Review,"Quán nằm ngay mặt đường Trần Đại Nghĩa, góc giao vào KTX và Toà B1 ĐH Bách Khoa.","{""rating"": ""5.0"", ""sentiment"": ""positive"", ""source"": ""google""}"
review:google_28819_3,Review,Highland Coffee nằm đối diện Đại học Bách Khoa (cổng Trần Đại Nghĩa) nên lúc nào,"{""rating"": ""5.0"", ""sentiment"": ""positive"", ""source"": ""google""}"
review:google_28819_4,Review,Lúc trước đã từng đánh giá quán 5 sao nhưng giờ phải thay đổi suy nghĩ. Mình ngồ,"{""rating"": ""1.0"", ""sentiment"": ""negative"", ""source"": ""google""}"
review:google_28819_5,Review,"View đẹp . Đi hôm nắng to nên trong nhà hơi đông và gần như full chỗ , nhưng các","{""rating"": ""4.0"", ""sentiment"": ""positive"", ""source"": ""google""}"
review:google_28819_6,Review,"Nhân viên thu ngân cợt nhả với khách!

Mình đến quán gọi đồ lúc khoảng 12h10 -","{""rating"": ""3.0"", ""sentiment"": ""neutral"", ""source"": ""google""}"
review:google_28819_7,Review,"Đêm giao thừa, quán đông nhưng đợi 10p đã có đồ, thậm chí mình còn gọi freeze í ","{""rating"": ""5.0"", ""sentiment"": ""positive"", ""source"": ""google""}"
review:be_32441_1,Review,Ngon xỉu,"{""rating"": ""5.0"", ""sentiment"": ""positive"", ""source"": ""befood""}"
review:be_32441_2,Review,"Ngon xỉu, Đáng đồng tiền","{""rating"": ""5.0"", ""sentiment"": ""positive"", ""source"": ""befood""}"
review:be_32441_3,Review,"Sạch sẽ, Đáng đồng tiền, Ngon xỉu, Đóng gói tốt","{""rating"": ""5.0"", ""sentiment"": ""positive"", ""source"": ""befood""}"
review:be_32441_4,Review,"Ngon xỉu, Đáng đồng tiền, Đóng gói tốt, Sạch sẽ","{""rating"": ""5.0"", ""sentiment"": ""positive"", ""source"": ""befood""}"
review:be_32441_5,Review,"Sạch sẽ, Đáng đồng tiền, Ngon xỉu, Đóng gói tốt","{""rating"": ""5.0"", ""sentiment"": ""positive"", ""source"": ""befood""}"
review:be_32441_6,Review,Không hợp khẩu vị,"{""rating"": ""3.0"", ""sentiment"": ""neutral"", ""source"": ""befood""}"
review:be_32441_7,Review,nước cam ép mà như nước lọc,"{""rating"": ""3.0"", ""sentiment"": ""neutral"", ""source"": ""befood""}"
review:be_32441_8,Review,mình có ghi đổi tôm sang xích cho mình nhưng k quá cắt luôn cả tôm cả xúc xích v,"{""rating"": ""2.0"", ""sentiment"": ""negative"", ""source"": ""befood""}"
review:be_32441_9,Review,thiếu đồ,"{""rating"": ""1.0"", ""sentiment"": ""negative"", ""source"": ""befood""}"
review:be_32441_10,Review,,"{""rating"": ""5.0"", ""sentiment"": ""positive"", ""source"": ""befood""}"
review:be_32441_11,Review,,"{""rating"": ""5.0"", ""sentiment"": ""positive"", ""source"": ""befood""}"
review:be_32441_12,Review,,"{""rating"": ""5.0"", ""sentiment"": ""positive"", ""source"": ""befood""}"
review:be_32441_13,Review,,"{""rating"": ""5.0"", ""sentiment"": ""positive"", ""source"": ""befood""}"
review:be_32441_14,Review,,"{""rating"": ""5.0"", ""sentiment"": ""positive"", ""source"": ""befood""}"
review:be_32441_15,Review,,"{""rating"": ""5.0"", ""sentiment"": ""positive"", ""source"": ""befood""}"
review:be_32441_16,Review,,"{""rating"": ""5.0"", ""sentiment"": ""positive"", ""source"": ""befood""}"
review:be_32441_17,Review,,"{""rating"": ""5.0"", ""sentiment"": ""positive"", ""source"": ""befood""}"
review:be_32441_18,Review,,"{""rating"": ""5.0"", ""sentiment"": ""positive"", ""source"": ""befood""}"
review:be_32441_19,Review,,"{""rating"": ""5.0"", ""sentiment"": ""positive"", ""source"": ""befood""}"
review:be_32441_20,Review,,"{""rating"": ""5.0"", ""sentiment"": ""positive"", ""source"": ""befood""}"
review:foody_17778262,Review,"Mì Cay Seoul - Trần Đại Nghĩa Đúng chuẩn vị mỳ cay Hàn Quốc, không gian quán rộn","{""rating"": ""5.0"", ""sentiment"": ""positive"", ""source"": ""foody""}"
review:foody_13562011,Review,"Mì Cay Seoul - Trần Đại Nghĩa Mì cay dở như mì gói, ít hơn so với giá, nước đào ","{""rating"": ""2.7"", ""sentiment"": ""neutral"", ""source"": ""foody""}"
review:foody_5975774,Review,"Chán Chán cực, chả khác j mua gói mì về tự úp, nước canh quá bình thường còn lợ ","{""rating"": ""1.9"", ""sentiment"": ""negative"", ""source"": ""foody""}"
review:foody_3750807,Review,ngon như ở Yên Lãng m đọc review cả fb lẫn foody đều chê tới tấp :)) nhưng vì gầ,"{""rating"": ""4.0"", ""sentiment"": ""positive"", ""source"": ""foody""}"
review:foody_3543229,Review,Thái độ nhân viên quá tệ Có 1 bạn order đồ cho bọn mình với giọng rất khó chịu. ,"{""rating"": ""2.1"", ""sentiment"": ""neutral"", ""source"": ""foody""}"
review:foody_3470206,Review,Mì Cay Seoul - Trần Đại Nghĩa Mỳ cay seoul – 91 Trần Đại Nghĩa Ngay gần trường K,"{""rating"": ""3.9"", ""sentiment"": ""neutral"", ""source"": ""foody""}"
review:foody_3358903,Review,"Mì Cay Seoul - Trần Đại Nghĩa Mì Cay Seoul - 91 Trần Đại Nghĩa. Trời lạnh rồi, đ","{""rating"": ""3.9"", ""sentiment"": ""neutral"", ""source"": ""foody""}"
review:foody_3168684,Review,"Khuyến mãi là để lấy khách hàng, khách hàng thấy ngon sẽ quay lại. Mà nhà hàng l","{""rating"": ""1.6"", ""sentiment"": ""negative"", ""source"": ""foody""}"
review:foody_3043465,Review,Mì Cay Seoul - Trần Đại Nghĩa -Mình gọi mì bạch tuộc sau đó gọi mì hải sản. Ngồi,"{""rating"": ""1.7"", ""sentiment"": ""negative"", ""source"": ""foody""}"
review:foody_2742964,Review,"Đợi mì 20p không có! Món làm lâu mình đợi được, nhưng mà quên ko làm món của khá","{""rating"": ""0.9"", ""sentiment"": ""negative"", ""source"": ""foody""}"
review:google_32441_0,Review,Thái độ nhân viên không tốt chút nào cả. Khi bước vào thay vì hỏi các bạn/ các c,"{""rating"": ""1.0"", ""sentiment"": ""negative"", ""source"": ""google""}"
review:google_32441_1,Review,"_ Không gian quán : sạch sẽ thoáng mát
_ Phục vụ : trộm vía những lần mình đi ă","{""rating"": ""5.0"", ""sentiment"": ""positive"", ""source"": ""google""}"
review:google_32441_2,Review,K phán xét về đồ ăn vì khẩu vị khác nhau nhưng mà khi order thái độ nhân viên k ,"{""rating"": ""1.0"", ""sentiment"": ""negative"", ""source"": ""google""}"
review:google_32441_3,Review,"Đồ ăn có sạn và bìa giấy, nhai phải vướng tầm 2-3 miếng trong đồ ăn, mình hỏi nh","{""rating"": ""1.0"", ""sentiment"": ""negative"", ""source"": ""google""}"
review:google_32441_4,Review,"gọi lẩu mà được lèo tèo vài miếng thịt, lên đồ sai hỏi nhân viên mà còn tỏ ra kh","{""rating"": ""1.0"", ""sentiment"": ""negative"", ""source"": ""google""}"
review:google_32441_5,Review,Đồ ăn ít lèo tèo. Gọi bò mỹ cuộn kim châm thì mang nguyên bò ra bảo đổi thì kêu ,"{""rating"": ""1.0"", ""sentiment"": ""negative"", ""source"": ""google""}"
review:google_32441_6,Review,"Chỉ vì trẻ con, tuổi thành niên nhìn trẻ mà bỏ qua, lơ đễnh bàn rất bẩn không dọ","{""rating"": ""1.0"", ""sentiment"": ""negative"", ""source"": ""google""}"
review:google_32441_7,Review,"Đồ ăn khá ngonnn và vừa miệng, quán đông nhưng cũng kh quá ồn và khó chịu. Mì ca","{""rating"": ""4.0"", ""sentiment"": ""positive"", ""source"": ""google""}"
review:google_37364_0,Review,"Đồ ăn lên nhanh, nóng, bánh mềm mướt, nhân đầy đặn. Quán ở ngay vỉa hè ngõ dễ tì","{""rating"": ""4.0"", ""sentiment"": ""positive"", ""source"": ""google""}"
review:google_37364_1,Review,"Quán nhỏ với 4-5 bàn nằm ở dưới tầng 1 khu tập thể.
Bánh cuốn ngon, mềm ăn cùng","{""rating"": ""4.0"", ""sentiment"": ""positive"", ""source"": ""google""}"
review:google_37364_2,Review,"Quán nhỏ ven theo vỉa hè khá đông khách chiều tối ăn bánh cuốn và gà tần
Bánh m","{""rating"": ""5.0"", ""sentiment"": ""positive"", ""source"": ""google""}"
review:google_37364_3,Review,"1 xuất chả quế 30, mình gọi thêm 1 xuất chay(ko nhân, ko chả) mà đến lúc tính ti","{""rating"": ""2.0"", ""sentiment"": ""negative"", ""source"": ""google""}"
review:google_37364_4,Review,"Từ quán ruột thành say bye luôn nha, mk order suất đầy đủ về. Mk khá thích thịt ","{""rating"": ""2.0"", ""sentiment"": ""negative"", ""source"": ""google""}"
review:google_37364_5,Review,"!!! ĐÁNH GIÁ TRẢI NGHIỆM THỰC TẾ

- Về bánh cuốn: Ai mà khen ngon chắc chắn kh","{""rating"": ""1.0"", ""sentiment"": ""negative"", ""source"": ""google""}"
review:google_37364_6,Review,"Quán nằm ở vỉa hè ngã 3, cũng khá bé nên đi ăn nhóm đông sẽ hơi khó. Mình gọi su","{""rating"": ""4.0"", ""sentiment"": ""positive"", ""source"": ""google""}"
review:google_37364_7,Review,"Bánh cuốn chả quế 25k & thịt nướng 35k. Chả quế & thịt nướng đều rất thơm, nước ","{""rating"": ""4.0"", ""sentiment"": ""positive"", ""source"": ""google""}"
review:be_86930_86,Review,"nhầm món, đặt bún cá chấm mà thành bún nước 😂, Sai/Thiếu món","{""rating"": ""3.0"", ""sentiment"": ""neutral"", ""source"": ""befood""}"
review:be_86930_87,Review,Ngon xỉu,"{""rating"": ""5.0"", ""sentiment"": ""positive"", ""source"": ""befood""}"
review:be_86930_88,Review,"Ngon xỉu, Đáng đồng tiền, Đóng gói tốt, Sạch sẽ","{""rating"": ""5.0"", ""sentiment"": ""positive"", ""source"": ""befood""}"
review:be_86930_89,Review,"Ngon xỉu, Đáng đồng tiền, Sạch sẽ, Đóng gói tốt","{""rating"": ""5.0"", ""sentiment"": ""positive"", ""source"": ""befood""}"
review:be_86930_90,Review,"giao hàng nhanh, đúng đủ số lượng, sản phẩm. nhưng bún hơi mặn vs ít 🥲","{""rating"": ""4.0"", ""sentiment"": ""positive"", ""source"": ""befood""}"
review:be_86930_91,Review,"thập cẩm hnay k có thịt bò
quán cx k liên hệ lại để hỏi 
nước dùng nhạt chắc m","{""rating"": ""3.0"", ""sentiment"": ""neutral"", ""source"": ""befood""}"
review:be_86930_92,Review,không đúng miêu tả,"{""rating"": ""1.0"", ""sentiment"": ""negative"", ""source"": ""befood""}"
review:be_86930_93,Review,,"{""rating"": ""5.0"", ""sentiment"": ""positive"", ""source"": ""befood""}"
review:be_86930_94,Review,,"{""rating"": ""5.0"", ""sentiment"": ""positive"", ""source"": ""befood""}"
review:be_86930_95,Review,,"{""rating"": ""5.0"", ""sentiment"": ""positive"", ""source"": ""befood""}"
review:be_86930_96,Review,,"{""rating"": ""5.0"", ""sentiment"": ""positive"", ""source"": ""befood""}"
review:be_86930_97,Review,,"{""rating"": ""5.0"", ""sentiment"": ""positive"", ""source"": ""befood""}"
review:be_86930_98,Review,,"{""rating"": ""5.0"", ""sentiment"": ""positive"", ""source"": ""befood""}"
review:google_86930_0,Review,"Ngon, nên thử nha","{""rating"": ""5.0"", ""sentiment"": ""positive"", ""source"": ""google""}"
review:google_86930_1,Review,Ăn từ năm nhất đến h chưa chán,"{""rating"": ""5.0"", ""sentiment"": ""positive"", ""source"": ""google""}"
review:google_86930_2,Review,Trải nghiệm k tốt về nhân viên,"{""rating"": ""1.0"", ""sentiment"": ""negative"", ""source"": ""google""}"
review:google_96198_0,Review,"Nhân viên tư vấn không nhiệt tình, khách hỏi thì trả lời ngắn gọn, kiệm lời. Nói","{""rating"": ""3.0"", ""sentiment"": ""neutral"", ""source"": ""google""}"
review:google_96198_1,Review,"Các bạn nhân viên khá nhiệt tình, đặc biệt là trà rất ngon, không gian quán tran","{""rating"": ""5.0"", ""sentiment"": ""positive"", ""source"": ""google""}"
review:google_96198_2,Review,"Đồ uống rất ngon, nhân viên toàn các bạn xinh xắn nhiệt tình","{""rating"": ""5.0"", ""sentiment"": ""positive"", ""source"": ""google""}"
review:google_96198_3,Review,"Điểm cộng là không gian rộng, có phòng học riêng (yên tĩnh hay không thì mình cũ","{""rating"": ""4.0"", ""sentiment"": ""positive"", ""source"": ""google""}"
review:google_96198_4,Review,"quán quen🫰🏻, nay e quên dth mà nhân viên gọi kịp k xỉu luôn🫩
đồ uống ngon, rẻ
","{""rating"": ""5.0"", ""sentiment"": ""positive"", ""source"": ""google""}"
review:google_96198_5,Review,"Quán decor xinh voãi, đồ uống ngon. Ưng nhất món Hồng môn Machiato. Thấy bảo năm","{""rating"": ""5.0"", ""sentiment"": ""positive"", ""source"": ""google""}"
review:google_96198_6,Review,"Nơi tụ tập hợp lý của hội bạn, hoặc nơi để chạy deadline hợp lý","{""rating"": ""5.0"", ""sentiment"": ""positive"", ""source"": ""google""}"
review:google_96198_7,Review,Đồ uống pha chế k ngon. List nhạc quán mở nhức đầu lắm. Dịch vụ thanh toán kén c,"{""rating"": ""2.0"", ""sentiment"": ""negative"", ""source"": ""google""}"
review:be_118180_42,Review,"trà sữa đậm trà xịn siêu ngon có deal hời ơi là hờiii, Ngon xỉu, Đáng đồng tiền,","{""rating"": ""5.0"", ""sentiment"": ""positive"", ""source"": ""befood""}"
review:be_118180_43,Review,"đồ uống ngon nhưng shop bỏ đá to với hơi nhiều
shop cải thiện phần đá nha, Ngon","{""rating"": ""5.0"", ""sentiment"": ""positive"", ""source"": ""befood""}"
review:be_118180_44,Review,"Đáng đồng tiền, Ngon xỉu, Đóng gói tốt, Sạch sẽ","{""rating"": ""5.0"", ""sentiment"": ""positive"", ""source"": ""befood""}"
review:be_118180_45,Review,"Ngon xỉu, Đáng đồng tiền, Sạch sẽ, Đóng gói tốt","{""rating"": ""5.0"", ""sentiment"": ""positive"", ""source"": ""befood""}"
review:be_118180_46,Review,Ngon xỉu,"{""rating"": ""5.0"", ""sentiment"": ""positive"", ""source"": ""befood""}"
review:be_118180_47,Review,"ngonnnnnnnn, Đóng gói tốt, Đáng đồng tiền, Sạch sẽ, Ngon xỉu","{""rating"": ""5.0"", ""sentiment"": ""positive"", ""source"": ""befood""}"
review:be_118180_48,Review,"Ngon xỉu, Sạch sẽ","{""rating"": ""5.0"", ""sentiment"": ""positive"", ""source"": ""befood""}"
review:be_118180_49,Review,,"{""rating"": ""5.0"", ""sentiment"": ""positive"", ""source"": ""befood""}"
review:be_118180_50,Review,,"{""rating"": ""5.0"", ""sentiment"": ""positive"", ""source"": ""befood""}"
review:be_118180_51,Review,,"{""rating"": ""5.0"", ""sentiment"": ""positive"", ""source"": ""befood""}"
review:be_118180_52,Review,,"{""rating"": ""5.0"", ""sentiment"": ""positive"", ""source"": ""befood""}"
review:be_118180_53,Review,,"{""rating"": ""5.0"", ""sentiment"": ""positive"", ""source"": ""befood""}"
review:be_118180_54,Review,,"{""rating"": ""5.0"", ""sentiment"": ""positive"", ""source"": ""befood""}"
review:be_118180_55,Review,,"{""rating"": ""5.0"", ""sentiment"": ""positive"", ""source"": ""befood""}"
review:be_118180_56,Review,,"{""rating"": ""5.0"", ""sentiment"": ""positive"", ""source"": ""befood""}"
review:be_118180_57,Review,,"{""rating"": ""5.0"", ""sentiment"": ""positive"", ""source"": ""befood""}"
review:be_118180_58,Review,,"{""rating"": ""5.0"", ""sentiment"": ""positive"", ""source"": ""befood""}"
review:be_118180_59,Review,,"{""rating"": ""5.0"", ""sentiment"": ""positive"", ""source"": ""befood""}"
review:be_118180_60,Review,,"{""rating"": ""5.0"", ""sentiment"": ""positive"", ""source"": ""befood""}"
review:be_118180_61,Review,,"{""rating"": ""5.0"", ""sentiment"": ""positive"", ""source"": ""befood""}"
review:google_118180_0,Review,"Trà shan tuyết đậm vị, cafe cũng ngon. Không gian ngồi thoải mái, ấm cúng.

Rấ","{""rating"": ""5.0"", ""sentiment"": ""positive"", ""source"": ""google""}"
review:google_118180_1,Review,"Quán mới, lấn chiếm được vỉa hè trước mặt nên diện tích khá rộng, nhiều chỗ ngồi","{""rating"": ""3.0"", ""sentiment"": ""neutral"", ""source"": ""google""}"
review:google_118180_2,Review,Đồ uống ở đây được đúng trà sữa shan tuyết và shan đen còn lại đều dở tệ. Trà do,"{""rating"": ""3.0"", ""sentiment"": ""neutral"", ""source"": ""google""}"
review:google_118180_3,Review,Quán cafe có view khá đẹp khi nằm ngay góc ngã 3 đường và ngõ. Quán có vỉa hè rộ,"{""rating"": ""5.0"", ""sentiment"": ""positive"", ""source"": ""google""}"
review:google_118180_4,Review,"Trà siêu ngon , món nào cũng có toping trân châu  dẻo . Các bạn nhân viên thì si","{""rating"": ""5.0"", ""sentiment"": ""positive"", ""source"": ""google""}"
review:google_118180_5,Review,"Uống 2 lần, lần nào cũng tệ. Vì nó tệ nên ngay cả khi mua với giá có voucher thì","{""rating"": ""1.0"", ""sentiment"": ""negative"", ""source"": ""google""}"
review:google_118180_6,Review,"Trên cả tuyệt vời. Trà ngon, đậm vị trà. Nhân viên phục vụ thân thiện, nhiệt tìn","{""rating"": ""5.0"", ""sentiment"": ""positive"", ""source"": ""google""}"
review:google_118180_7,Review,"Ngay từ khâu đầu vào bảo vệ nói chuyện đã hãm như bố đời rồi, phản hồi với nhân ","{""rating"": ""1.0"", ""sentiment"": ""negative"", ""source"": ""google""}"
review:be_118304_82,Review,,"{""rating"": ""5.0"", ""sentiment"": ""positive"", ""source"": ""befood""}"
review:be_118304_83,Review,,"{""rating"": ""5.0"", ""sentiment"": ""positive"", ""source"": ""befood""}"
review:google_118304_0,Review,"Chiều nay mình có ghé quán, lâu lắm rồi không uống lại nên qua. Bạn nhân viên na","{""rating"": ""5.0"", ""sentiment"": ""positive"", ""source"": ""google""}"
review:google_118304_1,Review,"Quán tuyệt vời, đồ uống ngon, quán thân thiện, rcm sunchill cho người thích trà ","{""rating"": ""5.0"", ""sentiment"": ""positive"", ""source"": ""google""}"
review:google_118304_2,Review,Đã thường xuyên đến quán này từ vài năm trước. Quán cũng đã qua nhiều đời chủ và,"{""rating"": ""4.0"", ""sentiment"": ""positive"", ""source"": ""google""}"
review:google_118304_3,Review,"Trà sữa Suncha thật sự tuyệt vời! Menu đa dạng, topping phong phú và chất lượng.","{""rating"": ""5.0"", ""sentiment"": ""positive"", ""source"": ""google""}"
review:google_118304_4,Review,"chị chủ và bạn nhân viên đều niềm nở và dễ thương, không gian quán tuy bé nhưng ","{""rating"": ""5.0"", ""sentiment"": ""positive"", ""source"": ""google""}"
review:google_118304_5,Review,"Đồ uống ngon, trái cây tươi, cửa hàng sạch sẽ mát mẻ. Nhân viên nhiệt tình","{""rating"": ""5.0"", ""sentiment"": ""positive"", ""source"": ""google""}"
review:google_118304_6,Review,"Trà hoa quả siêu ngon, siêu chất lượng. Bà chủ thì đáng yêu vui tính","{""rating"": ""5.0"", ""sentiment"": ""positive"", ""source"": ""google""}"
review:google_118304_7,Review,"món này ngon, ko nhớ tên =))) ngon ngọt thơm, nhãn giòn ngon nha","{""rating"": ""5.0"", ""sentiment"": ""positive"", ""source"": ""google""}"
source:befood,DataSource,befood,{}
source:foody,DataSource,foody,{}
source:google,DataSource,google,{}
user:u001,User,Sinh viên Bách Khoa,"{""default_budget_vnd"": 45000, ""dietary_profile"": ""no_restriction""}"
user:u002,User,Nhân viên văn phòng,"{""default_budget_vnd"": 65000, ""dietary_profile"": ""low_spicy""}"
user:u003,User,Người dùng ăn nhẹ,"{""default_budget_vnd"": 40000, ""dietary_profile"": ""vegetarian_flexible""}"
session:s001,UserSession,s001,"{""budget_max_vnd"": 50000, ""intent"": ""quick_lunch"", ""time_context"": ""lunch""}"
context:intent:quick_lunch,ContextTag,quick_lunch,"{""tag_type"": ""intent""}"
session:s002,UserSession,s002,"{""budget_max_vnd"": 70000, ""intent"": ""work_friendly_cafe"", ""time_context"": ""afternoon""}"
context:intent:work_friendly_cafe,ContextTag,work_friendly_cafe,"{""tag_type"": ""intent""}"
session:s003,UserSession,s003,"{""budget_max_vnd"": 45000, ""intent"": ""group_snack"", ""time_context"": ""evening""}"
context:intent:group_snack,ContextTag,group_snack,"{""tag_type"": ""intent""}"
preference:u001:category:noodle_rice_fastcasual,UserPreference,noodle_rice_fastcasual,"{""preference_type"": ""category"", ""weight"": 0.9}"
preference:u001:aspect:value_for_money,UserPreference,value_for_money,"{""preference_type"": ""aspect"", ""weight"": 0.8}"
preference:u002:aspect:work_friendly,UserPreference,work_friendly,"{""preference_type"": ""aspect"", ""weight"": 0.95}"
preference:u002:service:seating,UserPreference,seating,"{""preference_type"": ""service"", ""weight"": 0.75}"
preference:u003:category:an_vat,UserPreference,an_vat,"{""preference_type"": ""category"", ""weight"": 0.85}"
preference:u003:service:đo_an_mang_đi,UserPreference,đo_an_mang_đi,"{""preference_type"": ""service"", ""weight"": 0.7}"
menu_item:mi_5117_1,MenuItem,Trà sữa trân châu,"{""category"": ""milk_tea"", ""dietary_tag"": ""vegetarian"", ""price_vnd"": 35000, ""spicy_level"": 0}"
menu_item:mi_5117_2,MenuItem,Cà phê sữa đá,"{""category"": ""coffee"", ""dietary_tag"": ""vegetarian"", ""price_vnd"": 32000, ""spicy_level"": 0}"
menu_item:mi_5117_3,MenuItem,Trà đào cam sả,"{""category"": ""fruit_tea"", ""dietary_tag"": ""vegetarian"", ""price_vnd"": 39000, ""spicy_level"": 0}"
menu_item:mi_5117_4,MenuItem,Bánh ngọt dùng kèm,"{""category"": ""dessert"", ""dietary_tag"": ""vegetarian"", ""price_vnd"": 29000, ""spicy_level"": 0}"
menu_item:mi_24209_1,MenuItem,Trà sữa trân châu,"{""category"": ""milk_tea"", ""dietary_tag"": ""vegetarian"", ""price_vnd"": 35000, ""spicy_level"": 0}"
menu_item:mi_24209_2,MenuItem,Cà phê sữa đá,"{""category"": ""coffee"", ""dietary_tag"": ""vegetarian"", ""price_vnd"": 32000, ""spicy_level"": 0}"
menu_item:mi_24209_3,MenuItem,Trà đào cam sả,"{""category"": ""fruit_tea"", ""dietary_tag"": ""vegetarian"", ""price_vnd"": 39000, ""spicy_level"": 0}"
menu_item:mi_24209_4,MenuItem,Bánh ngọt dùng kèm,"{""category"": ""dessert"", ""dietary_tag"": ""vegetarian"", ""price_vnd"": 29000, ""spicy_level"": 0}"
menu_item:mi_27878_1,MenuItem,Bánh tráng nướng,"{""category"": ""snack"", ""dietary_tag"": ""meat"", ""price_vnd"": 25000, ""spicy_level"": 1}"
menu_item:mi_27878_2,MenuItem,Bánh tráng cuốn,"{""category"": ""snack"", ""dietary_tag"": ""meat"", ""price_vnd"": 30000, ""spicy_level"": 1}"
menu_item:mi_27878_3,MenuItem,Nem chua rán,"{""category"": ""snack"", ""dietary_tag"": ""meat"", ""price_vnd"": 35000, ""spicy_level"": 0}"
menu_item:mi_27878_4,MenuItem,Trà tắc,"{""category"": ""drink"", ""dietary_tag"": ""vegetarian"", ""price_vnd"": 15000, ""spicy_level"": 0}"
menu_item:mi_28819_1,MenuItem,Trà sữa trân châu,"{""category"": ""milk_tea"", ""dietary_tag"": ""vegetarian"", ""price_vnd"": 35000, ""spicy_level"": 0}"
menu_item:mi_28819_2,MenuItem,Cà phê sữa đá,"{""category"": ""coffee"", ""dietary_tag"": ""vegetarian"", ""price_vnd"": 32000, ""spicy_level"": 0}"
menu_item:mi_28819_3,MenuItem,Trà đào cam sả,"{""category"": ""fruit_tea"", ""dietary_tag"": ""vegetarian"", ""price_vnd"": 39000, ""spicy_level"": 0}"
menu_item:mi_28819_4,MenuItem,Bánh ngọt dùng kèm,"{""category"": ""dessert"", ""dietary_tag"": ""vegetarian"", ""price_vnd"": 29000, ""spicy_level"": 0}"
menu_item:mi_32441_1,MenuItem,Trà sữa trân châu,"{""category"": ""milk_tea"", ""dietary_tag"": ""vegetarian"", ""price_vnd"": 35000, ""spicy_level"": 0}"
menu_item:mi_32441_2,MenuItem,Cà phê sữa đá,"{""category"": ""coffee"", ""dietary_tag"": ""vegetarian"", ""price_vnd"": 32000, ""spicy_level"": 0}"
menu_item:mi_32441_3,MenuItem,Trà đào cam sả,"{""category"": ""fruit_tea"", ""dietary_tag"": ""vegetarian"", ""price_vnd"": 39000, ""spicy_level"": 0}"
menu_item:mi_32441_4,MenuItem,Bánh ngọt dùng kèm,"{""category"": ""dessert"", ""dietary_tag"": ""vegetarian"", ""price_vnd"": 29000, ""spicy_level"": 0}"
menu_item:mi_37364_1,MenuItem,Gà tần,"{""category"": ""traditional_food"", ""dietary_tag"": ""meat"", ""price_vnd"": 55000, ""spicy_level"": 0}"
menu_item:mi_37364_2,MenuItem,Bánh cuốn nóng,"{""category"": ""traditional_food"", ""dietary_tag"": ""meat"", ""price_vnd"": 35000, ""spicy_level"": 0}"
menu_item:mi_37364_3,MenuItem,Cháo/súp nóng,"{""category"": ""traditional_food"", ""dietary_tag"": ""meat"", ""price_vnd"": 30000, ""spicy_level"": 0}"
menu_item:mi_37364_4,MenuItem,Rau ăn kèm,"{""category"": ""side_dish"", ""dietary_tag"": ""vegetarian"", ""price_vnd"": 10000, ""spicy_level"": 0}"
menu_item:mi_86930_1,MenuItem,Trà sữa trân châu,"{""category"": ""milk_tea"", ""dietary_tag"": ""vegetarian"", ""price_vnd"": 35000, ""spicy_level"": 0}"
menu_item:mi_86930_2,MenuItem,Cà phê sữa đá,"{""category"": ""coffee"", ""dietary_tag"": ""vegetarian"", ""price_vnd"": 32000, ""spicy_level"": 0}"
menu_item:mi_86930_3,MenuItem,Trà đào cam sả,"{""category"": ""fruit_tea"", ""dietary_tag"": ""vegetarian"", ""price_vnd"": 39000, ""spicy_level"": 0}"
menu_item:mi_86930_4,MenuItem,Bánh ngọt dùng kèm,"{""category"": ""dessert"", ""dietary_tag"": ""vegetarian"", ""price_vnd"": 29000, ""spicy_level"": 0}"
menu_item:mi_96198_1,MenuItem,Trà sữa trân châu,"{""category"": ""milk_tea"", ""dietary_tag"": ""vegetarian"", ""price_vnd"": 35000, ""spicy_level"": 0}"
menu_item:mi_96198_2,MenuItem,Cà phê sữa đá,"{""category"": ""coffee"", ""dietary_tag"": ""vegetarian"", ""price_vnd"": 32000, ""spicy_level"": 0}"
menu_item:mi_96198_3,MenuItem,Trà đào cam sả,"{""category"": ""fruit_tea"", ""dietary_tag"": ""vegetarian"", ""price_vnd"": 39000, ""spicy_level"": 0}"
menu_item:mi_96198_4,MenuItem,Bánh ngọt dùng kèm,"{""category"": ""dessert"", ""dietary_tag"": ""vegetarian"", ""price_vnd"": 29000, ""spicy_level"": 0}"
menu_item:mi_118180_1,MenuItem,Trà sữa trân châu,"{""category"": ""milk_tea"", ""dietary_tag"": ""vegetarian"", ""price_vnd"": 35000, ""spicy_level"": 0}"
menu_item:mi_118180_2,MenuItem,Cà phê sữa đá,"{""category"": ""coffee"", ""dietary_tag"": ""vegetarian"", ""price_vnd"": 32000, ""spicy_level"": 0}"
menu_item:mi_118180_3,MenuItem,Trà đào cam sả,"{""category"": ""fruit_tea"", ""dietary_tag"": ""vegetarian"", ""price_vnd"": 39000, ""spicy_level"": 0}"
menu_item:mi_118180_4,MenuItem,Bánh ngọt dùng kèm,"{""category"": ""dessert"", ""dietary_tag"": ""vegetarian"", ""price_vnd"": 29000, ""spicy_level"": 0}"
menu_item:mi_118304_1,MenuItem,Trà sữa trân châu,"{""category"": ""milk_tea"", ""dietary_tag"": ""vegetarian"", ""price_vnd"": 35000, ""spicy_level"": 0}"
menu_item:mi_118304_2,MenuItem,Cà phê sữa đá,"{""category"": ""coffee"", ""dietary_tag"": ""vegetarian"", ""price_vnd"": 32000, ""spicy_level"": 0}"
menu_item:mi_118304_3,MenuItem,Trà đào cam sả,"{""category"": ""fruit_tea"", ""dietary_tag"": ""vegetarian"", ""price_vnd"": 39000, ""spicy_level"": 0}"
menu_item:mi_118304_4,MenuItem,Bánh ngọt dùng kèm,"{""category"": ""dessert"", ""dietary_tag"": ""vegetarian"", ""price_vnd"": 29000, ""spicy_level"": 0}"
location:loc_5117,Location,"69 Phố Trần Đại Nghĩa, Bách Khoa, Hai Bà Trưng, Hà Nội, Việt Nam","{""city"": ""Hà Nội"", ""district"": ""Hai Bà Trưng"", ""lat"": ""21.00653076"", ""lng"": ""105.8454971"", ""street"": ""69 Phố Trần Đại Nghĩa"", ""ward"": ""Bách Khoa""}"
location:loc_24209,Location,"63 Phố Trần Đại Nghĩa, Bách Khoa, Hai Bà Trưng, Hà Nội, Việt Nam","{""city"": ""Hà Nội"", ""district"": ""Hai Bà Trưng"", ""lat"": ""21.00665092"", ""lng"": ""105.8453827"", ""street"": ""63 Phố Trần Đại Nghĩa"", ""ward"": ""Bách Khoa""}"
location:loc_27878,Location,"10 Phố Tạ Quang Bửu, Bách Khoa, Hai Bà Trưng, Hà Nội, Việt Nam","{""city"": ""Hà Nội"", ""district"": ""Hai Bà Trưng"", ""lat"": ""21.00597"", ""lng"": ""105.8471832"", ""street"": ""10 Phố Tạ Quang Bửu"", ""ward"": ""Bách Khoa""}"
location:loc_28819,Location,"91 Phố Trần Đại Nghĩa, Bách Khoa, Hai Bà Trưng, Hà Nội, Việt Nam","{""city"": ""Hà Nội"", ""district"": ""Hai Bà Trưng"", ""lat"": ""21.00411034"", ""lng"": ""105.8455963"", ""street"": ""91 Phố Trần Đại Nghĩa"", ""ward"": ""Bách Khoa""}"
location:loc_32441,Location,"91 Trần Đại Nghĩa, Bách Khoa, Hai Bà Trưng, Hà Nội","{""city"": ""Hà Nội"", ""district"": ""Hai Bà Trưng"", ""lat"": ""21.00428963"", ""lng"": ""105.8455582"", ""street"": ""91 Trần Đại Nghĩa"", ""ward"": ""Bách Khoa""}"
location:loc_37364,Location,"Số 3A1 Tạ Quang Bửu, Bách Khoa, Hai Bà Trưng, Hà Nội, Hai Bà Trưng, Hà Nội","{""city"": ""Hà Nội"", ""district"": ""Hai Bà Trưng"", ""lat"": ""21.00509071"", ""lng"": ""105.8468018"", ""street"": ""Số 3A1 Tạ Quang Bửu"", ""ward"": ""Bách Khoa""}"
location:loc_86930,Location,"Số 3 Ngõ 40/2 Tạ Quang Bửu, Phường Bách Khoa, Quận Hai Bà Trưng, Hà Nội","{""city"": ""Hà Nội"", ""district"": ""Hai Bà Trưng"", ""lat"": ""21.00382042"", ""lng"": ""105.8466873"", ""street"": ""Số 3 Ngõ 40/2 Tạ Quang Bửu"", ""ward"": ""Bách Khoa""}"
location:loc_96198,Location,"75 Trần Đại Nghĩa, Phường Bách Khoa, Quận Hai Bà Trưng, Hà Nội","{""city"": ""Hà Nội"", ""district"": ""Hai Bà Trưng"", ""lat"": ""21.00592995"", ""lng"": ""105.8457565"", ""street"": ""75 Trần Đại Nghĩa"", ""ward"": ""Bách Khoa""}"
location:loc_118180,Location,"71B Trần Đại Nghĩa, Phường Bạch Mai, Hà Nội","{""city"": ""Hà Nội"", ""district"": ""Phường Bạch Mai"", ""lat"": ""21.00646019"", ""lng"": ""105.8456116"", ""street"": ""71B Trần Đại Nghĩa"", ""ward"": ""Bạch Mai""}"
location:loc_118304,Location,"65 Trần Đại Nghĩa, Phường Bạch Mai, Hà Nội","{""city"": ""Hà Nội"", ""district"": ""Phường Bạch Mai"", ""lat"": ""21.00655937"", ""lng"": ""105.8453598"", ""street"": ""65 Trần Đại Nghĩa"", ""ward"": ""Bạch Mai""}"
match_quality:5117:google,SourceMatchQuality,5117:google,"{""confidence"": ""high"", ""geo_distance_m"": 2.3, ""is_suspect"": 0}"
match_quality:24209:google,SourceMatchQuality,24209:google,"{""confidence"": ""high"", ""geo_distance_m"": 0.3, ""is_suspect"": 0}"
match_quality:27878:google,SourceMatchQuality,27878:google,"{""confidence"": ""high"", ""geo_distance_m"": 28.5, ""is_suspect"": 0}"
match_quality:28819:google,SourceMatchQuality,28819:google,"{""confidence"": ""high"", ""geo_distance_m"": 87.7, ""is_suspect"": 0}"
match_quality:32441:google,SourceMatchQuality,32441:google,"{""confidence"": ""low"", ""geo_distance_m"": 689.9, ""is_suspect"": 1}"
match_quality:37364:google,SourceMatchQuality,37364:google,"{""confidence"": ""low"", ""geo_distance_m"": 462.2, ""is_suspect"": 1}"
match_quality:86930:google,SourceMatchQuality,86930:google,"{""confidence"": ""high"", ""geo_distance_m"": 33.3, ""is_suspect"": 0}"
match_quality:96198:google,SourceMatchQuality,96198:google,"{""confidence"": ""medium"", ""geo_distance_m"": 11.6, ""is_suspect"": 0}"
match_quality:118180:google,SourceMatchQuality,118180:google,"{""confidence"": ""medium"", ""geo_distance_m"": 20.1, ""is_suspect"": 0}"
match_quality:118304:google,SourceMatchQuality,118304:google,"{""confidence"": ""medium"", ""geo_distance_m"": 14.5, ""is_suspect"": 0}"
