subject,predicate,object,properties
store:5117,HAS_PRIMARY_CATEGORY,category:cafe_tea,{}
store:5117,LOCATED_IN,area:bach_khoa:hai_ba_trung,{}
store:24209,HAS_PRIMARY_CATEGORY,category:sinh_to_nuoc_ep_sua,{}
store:24209,LOCATED_IN,area:bach_khoa:hai_ba_trung,{}
store:27878,HAS_PRIMARY_CATEGORY,category:an_vat,{}
store:27878,LOCATED_IN,area:bach_khoa:hai_ba_trung,{}
store:28819,HAS_PRIMARY_CATEGORY,category:cafe_tea,{}
store:28819,LOCATED_IN,area:bach_khoa:hai_ba_trung,{}
store:32441,HAS_PRIMARY_CATEGORY,category:noodle_rice_fastcasual,{}
store:32441,LOCATED_IN,area:bach_khoa:hai_ba_trung,{}
store:37364,HAS_PRIMARY_CATEGORY,category:mon_truyen_thong_đac_san,{}
store:37364,LOCATED_IN,area:bach_khoa:hai_ba_trung,{}
store:86930,HAS_PRIMARY_CATEGORY,category:noodle_rice_fastcasual,{}
store:86930,LOCATED_IN,area:phuong_bach_khoa:quan_hai_ba_trung,{}
store:96198,HAS_PRIMARY_CATEGORY,category:cafe_tea,{}
store:96198,LOCATED_IN,area:phuong_bach_khoa:quan_hai_ba_trung,{}
store:118180,HAS_PRIMARY_CATEGORY,category:cafe_tea,{}
store:118180,LOCATED_IN,area:phuong_bach_mai:phuong_bach_mai,{}
store:118304,HAS_PRIMARY_CATEGORY,category:cafe_tea,{}
store:118304,LOCATED_IN,area:phuong_bach_mai:phuong_bach_mai,{}
store:5117,HAS_CATEGORY,category:cafe_tea,"{""category_type"": ""primary"", ""source"": ""befood""}"
store:5117,HAS_CATEGORY,category:quan_ca_phe,"{""category_type"": ""place_type"", ""source"": ""google""}"
store:5117,HAS_CATEGORY,category:ca_phe,"{""category_type"": ""offering"", ""source"": ""google""}"
store:5117,HAS_CATEGORY,category:nha_hang_thuc_an_nhanh,"{""category_type"": ""offering"", ""source"": ""google""}"
store:5117,HAS_CATEGORY,category:ca_phe_ngon,"{""category_type"": ""highlight"", ""source"": ""google""}"
store:5117,HAS_CATEGORY,category:mon_trang_mieng_ngon,"{""category_type"": ""highlight"", ""source"": ""google""}"
store:5117,HAS_CATEGORY,category:nhieu_tra_ngon,"{""category_type"": ""highlight"", ""source"": ""google""}"
store:24209,HAS_CATEGORY,category:sinh_to_nuoc_ep_sua,"{""category_type"": ""primary"", ""source"": ""befood""}"
store:27878,HAS_CATEGORY,category:an_vat,"{""category_type"": ""primary"", ""source"": ""befood""}"
store:27878,HAS_CATEGORY,category:quan_an_nho,"{""category_type"": ""place_type"", ""source"": ""google""}"
store:27878,HAS_CATEGORY,category:nha_hang_thuc_an_nhanh,"{""category_type"": ""offering"", ""source"": ""google""}"
store:28819,HAS_CATEGORY,category:cafe_tea,"{""category_type"": ""primary"", ""source"": ""befood""}"
store:28819,HAS_CATEGORY,category:quan_ca_phe,"{""category_type"": ""place_type"", ""source"": ""google""}"
store:28819,HAS_CATEGORY,category:ca_phe,"{""category_type"": ""offering"", ""source"": ""google""}"
store:28819,HAS_CATEGORY,category:nha_hang_thuc_an_nhanh,"{""category_type"": ""offering"", ""source"": ""google""}"
store:28819,HAS_CATEGORY,category:ca_phe_ngon,"{""category_type"": ""highlight"", ""source"": ""google""}"
store:28819,HAS_CATEGORY,category:mon_trang_mieng_ngon,"{""category_type"": ""highlight"", ""source"": ""google""}"
store:28819,HAS_CATEGORY,category:nhieu_tra_ngon,"{""category_type"": ""highlight"", ""source"": ""google""}"
store:32441,HAS_CATEGORY,category:noodle_rice_fastcasual,"{""category_type"": ""primary"", ""source"": ""befood""}"
store:32441,HAS_CATEGORY,category:nha_hang_han_quoc,"{""category_type"": ""place_type"", ""source"": ""google""}"
store:32441,HAS_CATEGORY,category:nha_hang_thuc_an_nhanh,"{""category_type"": ""offering"", ""source"": ""google""}"
store:37364,HAS_CATEGORY,category:mon_truyen_thong_đac_san,"{""category_type"": ""primary"", ""source"": ""befood""}"
store:37364,HAS_CATEGORY,category:quan_an_nho,"{""category_type"": ""place_type"", ""source"": ""google""}"
store:37364,HAS_CATEGORY,category:nha_hang_an_nhanh,"{""category_type"": ""place_type"", ""source"": ""google""}"
store:37364,HAS_CATEGORY,category:nha_hang_pho,"{""category_type"": ""place_type"", ""source"": ""google""}"
store:37364,HAS_CATEGORY,category:nha_hang,"{""category_type"": ""place_type"", ""source"": ""google""}"
store:37364,HAS_CATEGORY,category:quan_an_nhe,"{""category_type"": ""place_type"", ""source"": ""google""}"
store:37364,HAS_CATEGORY,category:an_thoa_thich,"{""category_type"": ""offering"", ""source"": ""google""}"
store:37364,HAS_CATEGORY,category:bia,"{""category_type"": ""offering"", ""source"": ""google""}"
store:37364,HAS_CATEGORY,category:ca_phe,"{""category_type"": ""offering"", ""source"": ""google""}"
store:37364,HAS_CATEGORY,category:cac_mon_chay,"{""category_type"": ""offering"", ""source"": ""google""}"
store:37364,HAS_CATEGORY,category:cac_mon_thuan_chay,"{""category_type"": ""offering"", ""source"": ""google""}"
store:37364,HAS_CATEGORY,category:co_gio_giam_gia_đac_biet,"{""category_type"": ""offering"", ""source"": ""google""}"
store:37364,HAS_CATEGORY,category:đo_an_khuya,"{""category_type"": ""offering"", ""source"": ""google""}"
store:37364,HAS_CATEGORY,category:đo_uong_vao_gio_vang,"{""category_type"": ""offering"", ""source"": ""google""}"
store:37364,HAS_CATEGORY,category:mon_an_tu_nguyen_lieu_huu_co,"{""category_type"": ""offering"", ""source"": ""google""}"
store:37364,HAS_CATEGORY,category:nha_hang_thuc_an_nhanh,"{""category_type"": ""offering"", ""source"": ""google""}"
store:37364,HAS_CATEGORY,category:phan_an_nho,"{""category_type"": ""offering"", ""source"": ""google""}"
store:37364,HAS_CATEGORY,category:phong_an_rieng_tu,"{""category_type"": ""offering"", ""source"": ""google""}"
store:37364,HAS_CATEGORY,category:quay_rau_tron,"{""category_type"": ""offering"", ""source"": ""google""}"
store:37364,HAS_CATEGORY,category:ruou,"{""category_type"": ""offering"", ""source"": ""google""}"
store:37364,HAS_CATEGORY,category:cho_ngoi_tren_san_thuong,"{""category_type"": ""highlight"", ""source"": ""google""}"
store:37364,HAS_CATEGORY,category:lo_suoi,"{""category_type"": ""highlight"", ""source"": ""google""}"
store:37364,HAS_CATEGORY,category:the_thao,"{""category_type"": ""highlight"", ""source"": ""google""}"
store:86930,HAS_CATEGORY,category:noodle_rice_fastcasual,"{""category_type"": ""primary"", ""source"": ""befood""}"
store:86930,HAS_CATEGORY,category:nha_hang_an_nhanh,"{""category_type"": ""place_type"", ""source"": ""google""}"
store:86930,HAS_CATEGORY,category:nha_hang_thuc_an_nhanh,"{""category_type"": ""offering"", ""source"": ""google""}"
store:96198,HAS_CATEGORY,category:cafe_tea,"{""category_type"": ""primary"", ""source"": ""befood""}"
store:96198,HAS_CATEGORY,category:quan_ca_phe,"{""category_type"": ""place_type"", ""source"": ""google""}"
store:96198,HAS_CATEGORY,category:ca_phe,"{""category_type"": ""offering"", ""source"": ""google""}"
store:118180,HAS_CATEGORY,category:cafe_tea,"{""category_type"": ""primary"", ""source"": ""befood""}"
store:118180,HAS_CATEGORY,category:quan_ca_phe,"{""category_type"": ""place_type"", ""source"": ""google""}"
store:118180,HAS_CATEGORY,category:ca_phe,"{""category_type"": ""offering"", ""source"": ""google""}"
store:118180,HAS_CATEGORY,category:ca_phe_ngon,"{""category_type"": ""highlight"", ""source"": ""google""}"
store:118304,HAS_CATEGORY,category:cafe_tea,"{""category_type"": ""primary"", ""source"": ""befood""}"
store:118304,HAS_CATEGORY,category:quan_ca_phe,"{""category_type"": ""place_type"", ""source"": ""google""}"
store:118304,HAS_CATEGORY,category:ca_phe,"{""category_type"": ""offering"", ""source"": ""google""}"
store:118304,HAS_CATEGORY,category:ca_phe_ngon,"{""category_type"": ""highlight"", ""source"": ""google""}"
store:118304,HAS_CATEGORY,category:nhieu_tra_ngon,"{""category_type"": ""highlight"", ""source"": ""google""}"
store:5117,MATCHES_CONTEXT,context:crowd:du_khach,"{""source"": ""google""}"
store:5117,MATCHES_CONTEXT,context:crowd:nhom,"{""source"": ""google""}"
store:5117,MATCHES_CONTEXT,context:crowd:sinh_vien,"{""source"": ""google""}"
store:5117,MATCHES_CONTEXT,context:popular_for:phu_hop_đe_lam_viec_tren_may_tinh_xach_tay,"{""source"": ""google""}"
store:5117,MATCHES_CONTEXT,context:dining_time_or_option:bua_sang,"{""source"": ""google""}"
store:5117,MATCHES_CONTEXT,context:dining_time_or_option:bua_nua_buoi,"{""source"": ""google""}"
store:5117,MATCHES_CONTEXT,context:dining_time_or_option:dich_vu_an_uong,"{""source"": ""google""}"
store:5117,MATCHES_CONTEXT,context:dining_time_or_option:mon_trang_mieng,"{""source"": ""google""}"
store:5117,MATCHES_CONTEXT,context:dining_time_or_option:phuc_vu_tai_ban,"{""source"": ""google""}"
store:5117,MATCHES_CONTEXT,context:atmosphere:am_cung,"{""source"": ""google""}"
store:5117,MATCHES_CONTEXT,context:atmosphere:thong_thuong,"{""source"": ""google""}"
store:27878,MATCHES_CONTEXT,context:crowd:nhom,"{""source"": ""google""}"
store:27878,MATCHES_CONTEXT,context:dining_time_or_option:dich_vu_an_uong,"{""source"": ""google""}"
store:27878,MATCHES_CONTEXT,context:dining_time_or_option:phuc_vu_tai_ban,"{""source"": ""google""}"
store:27878,MATCHES_CONTEXT,context:atmosphere:thong_thuong,"{""source"": ""google""}"
store:28819,MATCHES_CONTEXT,context:crowd:du_khach,"{""source"": ""google""}"
store:28819,MATCHES_CONTEXT,context:crowd:nhom,"{""source"": ""google""}"
store:28819,MATCHES_CONTEXT,context:crowd:sinh_vien,"{""source"": ""google""}"
store:28819,MATCHES_CONTEXT,context:popular_for:phu_hop_đe_lam_viec_tren_may_tinh_xach_tay,"{""source"": ""google""}"
store:28819,MATCHES_CONTEXT,context:dining_time_or_option:bua_sang,"{""source"": ""google""}"
store:28819,MATCHES_CONTEXT,context:dining_time_or_option:bua_nua_buoi,"{""source"": ""google""}"
store:28819,MATCHES_CONTEXT,context:dining_time_or_option:dich_vu_an_uong,"{""source"": ""google""}"
store:28819,MATCHES_CONTEXT,context:dining_time_or_option:mon_trang_mieng,"{""source"": ""google""}"
store:28819,MATCHES_CONTEXT,context:dining_time_or_option:cho_ngoi,"{""source"": ""google""}"
store:28819,MATCHES_CONTEXT,context:dining_time_or_option:phuc_vu_tai_ban,"{""source"": ""google""}"
store:28819,MATCHES_CONTEXT,context:atmosphere:am_cung,"{""source"": ""google""}"
store:28819,MATCHES_CONTEXT,context:atmosphere:thong_thuong,"{""source"": ""google""}"
store:32441,MATCHES_CONTEXT,context:crowd:nhom,"{""source"": ""google""}"
store:32441,MATCHES_CONTEXT,context:crowd:sinh_vien,"{""source"": ""google""}"
store:32441,MATCHES_CONTEXT,context:popular_for:bua_toi,"{""source"": ""google""}"
store:32441,MATCHES_CONTEXT,context:popular_for:an_toi_mot_minh,"{""source"": ""google""}"
store:32441,MATCHES_CONTEXT,context:dining_time_or_option:bua_trua,"{""source"": ""google""}"
store:32441,MATCHES_CONTEXT,context:dining_time_or_option:bua_toi,"{""source"": ""google""}"
store:32441,MATCHES_CONTEXT,context:dining_time_or_option:dich_vu_an_uong,"{""source"": ""google""}"
store:32441,MATCHES_CONTEXT,context:dining_time_or_option:phuc_vu_tai_ban,"{""source"": ""google""}"
store:32441,MATCHES_CONTEXT,context:atmosphere:am_cung,"{""source"": ""google""}"
store:32441,MATCHES_CONTEXT,context:atmosphere:thong_thuong,"{""source"": ""google""}"
store:37364,MATCHES_CONTEXT,context:crowd:chao_đon_nhung_nguoi_thuoc_gioi_lgbtq,"{""source"": ""google""}"
store:37364,MATCHES_CONTEXT,context:crowd:danh_cho_gia_đinh,"{""source"": ""google""}"
store:37364,MATCHES_CONTEXT,context:crowd:noi_an_toan_cho_nguoi_chuyen_gioi,"{""source"": ""google""}"
store:37364,MATCHES_CONTEXT,context:popular_for:bua_sang,"{""source"": ""google""}"
store:37364,MATCHES_CONTEXT,context:dining_time_or_option:bua_sang,"{""source"": ""google""}"
store:37364,MATCHES_CONTEXT,context:dining_time_or_option:bua_nua_buoi,"{""source"": ""google""}"
store:37364,MATCHES_CONTEXT,context:dining_time_or_option:bua_trua,"{""source"": ""google""}"
store:37364,MATCHES_CONTEXT,context:dining_time_or_option:bua_toi,"{""source"": ""google""}"
store:37364,MATCHES_CONTEXT,context:dining_time_or_option:dich_vu_an_uong,"{""source"": ""google""}"
store:37364,MATCHES_CONTEXT,context:dining_time_or_option:dich_vu_tai_quay,"{""source"": ""google""}"
store:37364,MATCHES_CONTEXT,context:dining_time_or_option:mon_trang_mieng,"{""source"": ""google""}"
store:37364,MATCHES_CONTEXT,context:dining_time_or_option:cho_ngoi,"{""source"": ""google""}"
store:37364,MATCHES_CONTEXT,context:dining_time_or_option:phuc_vu_tai_ban,"{""source"": ""google""}"
store:37364,MATCHES_CONTEXT,context:atmosphere:thong_thuong,"{""source"": ""google""}"
store:86930,MATCHES_CONTEXT,context:dining_time_or_option:dich_vu_an_uong,"{""source"": ""google""}"
store:86930,MATCHES_CONTEXT,context:atmosphere:thong_thuong,"{""source"": ""google""}"
store:118180,MATCHES_CONTEXT,context:crowd:nhom,"{""source"": ""google""}"
store:118180,MATCHES_CONTEXT,context:dining_time_or_option:cho_ngoi,"{""source"": ""google""}"
store:118180,MATCHES_CONTEXT,context:atmosphere:am_cung,"{""source"": ""google""}"
store:118180,MATCHES_CONTEXT,context:atmosphere:thong_thuong,"{""source"": ""google""}"
store:118304,MATCHES_CONTEXT,context:crowd:nhom,"{""source"": ""google""}"
store:118304,MATCHES_CONTEXT,context:atmosphere:am_cung,"{""source"": ""google""}"
store:118304,MATCHES_CONTEXT,context:atmosphere:thong_thuong,"{""source"": ""google""}"
store:5117,OFFERS_SERVICE,service:an_tai_cho,"{""source"": ""google"", ""value"": ""1""}"
store:5117,OFFERS_SERVICE,service:đo_an_mang_đi,"{""source"": ""google"", ""value"": ""1""}"
store:5117,OFFERS_SERVICE,service:giao_hang_gian_tiep,"{""source"": ""google"", ""value"": ""1""}"
store:5117,OFFERS_SERVICE,service:table_service,"{""source"": ""google"", ""value"": ""1""}"
store:27878,OFFERS_SERVICE,service:an_tai_cho,"{""source"": ""google"", ""value"": ""1""}"
store:27878,OFFERS_SERVICE,service:đo_an_mang_đi,"{""source"": ""google"", ""value"": ""1""}"
store:27878,OFFERS_SERVICE,service:table_service,"{""source"": ""google"", ""value"": ""1""}"
store:28819,OFFERS_SERVICE,service:an_tai_cho,"{""source"": ""google"", ""value"": ""1""}"
store:28819,OFFERS_SERVICE,service:đo_an_mang_đi,"{""source"": ""google"", ""value"": ""1""}"
store:28819,OFFERS_SERVICE,service:giao_hang_gian_tiep,"{""source"": ""google"", ""value"": ""1""}"
store:28819,OFFERS_SERVICE,service:seating,"{""source"": ""google"", ""value"": ""1""}"
store:28819,OFFERS_SERVICE,service:table_service,"{""source"": ""google"", ""value"": ""1""}"
store:32441,OFFERS_SERVICE,service:an_tai_cho,"{""source"": ""google"", ""value"": ""1""}"
store:32441,OFFERS_SERVICE,service:đo_an_mang_đi,"{""source"": ""google"", ""value"": ""1""}"
store:32441,OFFERS_SERVICE,service:giao_hang_gian_tiep,"{""source"": ""google"", ""value"": ""1""}"
store:32441,OFFERS_SERVICE,service:table_service,"{""source"": ""google"", ""value"": ""1""}"
store:37364,OFFERS_SERVICE,service:an_tai_cho,"{""source"": ""google"", ""value"": ""1""}"
store:37364,OFFERS_SERVICE,service:mua_hang_ngay_tren_xe,"{""source"": ""google"", ""value"": ""1""}"
store:37364,OFFERS_SERVICE,service:giao_hang_gian_tiep,"{""source"": ""google"", ""value"": ""1""}"
store:37364,OFFERS_SERVICE,service:counter_service,"{""source"": ""google"", ""value"": ""1""}"
store:37364,OFFERS_SERVICE,service:seating,"{""source"": ""google"", ""value"": ""1""}"
store:37364,OFFERS_SERVICE,service:table_service,"{""source"": ""google"", ""value"": ""1""}"
store:86930,OFFERS_SERVICE,service:an_tai_cho,"{""source"": ""google"", ""value"": ""1""}"
store:86930,OFFERS_SERVICE,service:đo_an_mang_đi,"{""source"": ""google"", ""value"": ""1""}"
store:118180,OFFERS_SERVICE,service:an_tai_cho,"{""source"": ""google"", ""value"": ""1""}"
store:118180,OFFERS_SERVICE,service:seating,"{""source"": ""google"", ""value"": ""1""}"
store:118304,OFFERS_SERVICE,service:an_tai_cho,"{""source"": ""google"", ""value"": ""1""}"
store:118304,OFFERS_SERVICE,service:đo_an_mang_đi,"{""source"": ""google"", ""value"": ""1""}"
store:118304,OFFERS_SERVICE,service:giao_hang_gian_tiep,"{""source"": ""google"", ""value"": ""1""}"
store:5117,HAS_ASPECT_SENTIMENT,aspect:taste,"{""evidence_sources"": ""befood|foody|google"", ""mention_count"": ""19"", ""negative"": ""8"", ""neutral"": ""5"", ""positive"": ""6"", ""sentiment"": ""negative""}"
store:5117,HAS_ASPECT_SENTIMENT,aspect:value_for_money,"{""evidence_sources"": ""foody|google"", ""mention_count"": ""11"", ""negative"": ""6"", ""neutral"": ""3"", ""positive"": ""2"", ""sentiment"": ""negative""}"
store:5117,HAS_ASPECT_SENTIMENT,aspect:cleanliness,"{""evidence_sources"": ""befood|foody|google"", ""mention_count"": ""8"", ""negative"": ""2"", ""neutral"": ""4"", ""positive"": ""2"", ""sentiment"": ""mixed""}"
store:5117,HAS_ASPECT_SENTIMENT,aspect:space,"{""evidence_sources"": ""foody|google"", ""mention_count"": ""7"", ""negative"": ""2"", ""neutral"": ""3"", ""positive"": ""2"", ""sentiment"": ""mixed""}"
store:5117,HAS_ASPECT_SENTIMENT,aspect:staff_service,"{""evidence_sources"": ""foody|google"", ""mention_count"": ""5"", ""negative"": ""1"", ""neutral"": ""3"", ""positive"": ""1"", ""sentiment"": ""mixed""}"
store:5117,HAS_ASPECT_SENTIMENT,aspect:delivery_accuracy,"{""evidence_sources"": ""foody"", ""mention_count"": ""2"", ""negative"": ""1"", ""neutral"": ""1"", ""positive"": ""0"", ""sentiment"": ""mixed_negative""}"
store:24209,HAS_ASPECT_SENTIMENT,aspect:taste,"{""evidence_sources"": ""befood"", ""mention_count"": ""1"", ""negative"": ""0"", ""neutral"": ""0"", ""positive"": ""1"", ""sentiment"": ""mixed_positive""}"
store:27878,HAS_ASPECT_SENTIMENT,aspect:taste,"{""evidence_sources"": ""befood|google"", ""mention_count"": ""9"", ""negative"": ""2"", ""neutral"": ""0"", ""positive"": ""7"", ""sentiment"": ""positive""}"
store:27878,HAS_ASPECT_SENTIMENT,aspect:cleanliness,"{""evidence_sources"": ""befood|google"", ""mention_count"": ""6"", ""negative"": ""2"", ""neutral"": ""0"", ""positive"": ""4"", ""sentiment"": ""positive""}"
store:27878,HAS_ASPECT_SENTIMENT,aspect:space,"{""evidence_sources"": ""google"", ""mention_count"": ""3"", ""negative"": ""0"", ""neutral"": ""0"", ""positive"": ""3"", ""sentiment"": ""positive""}"
store:27878,HAS_ASPECT_SENTIMENT,aspect:value_for_money,"{""evidence_sources"": ""befood|google"", ""mention_count"": ""3"", ""negative"": ""1"", ""neutral"": ""0"", ""positive"": ""2"", ""sentiment"": ""mixed""}"
store:27878,HAS_ASPECT_SENTIMENT,aspect:staff_service,"{""evidence_sources"": ""google"", ""mention_count"": ""2"", ""negative"": ""2"", ""neutral"": ""0"", ""positive"": ""0"", ""sentiment"": ""negative""}"
store:28819,HAS_ASPECT_SENTIMENT,aspect:taste,"{""evidence_sources"": ""befood|foody|google"", ""mention_count"": ""15"", ""negative"": ""2"", ""neutral"": ""3"", ""positive"": ""10"", ""sentiment"": ""positive""}"
store:28819,HAS_ASPECT_SENTIMENT,aspect:value_for_money,"{""evidence_sources"": ""befood|foody|google"", ""mention_count"": ""14"", ""negative"": ""2"", ""neutral"": ""2"", ""positive"": ""10"", ""sentiment"": ""positive""}"
store:28819,HAS_ASPECT_SENTIMENT,aspect:staff_service,"{""evidence_sources"": ""befood|foody|google"", ""mention_count"": ""12"", ""negative"": ""1"", ""neutral"": ""2"", ""positive"": ""9"", ""sentiment"": ""positive""}"
store:28819,HAS_ASPECT_SENTIMENT,aspect:space,"{""evidence_sources"": ""foody|google"", ""mention_count"": ""10"", ""negative"": ""1"", ""neutral"": ""1"", ""positive"": ""8"", ""sentiment"": ""positive""}"
store:28819,HAS_ASPECT_SENTIMENT,aspect:cleanliness,"{""evidence_sources"": ""befood|foody|google"", ""mention_count"": ""9"", ""negative"": ""1"", ""neutral"": ""1"", ""positive"": ""7"", ""sentiment"": ""positive""}"
store:28819,HAS_ASPECT_SENTIMENT,aspect:delivery_accuracy,"{""evidence_sources"": ""befood"", ""mention_count"": ""2"", ""negative"": ""0"", ""neutral"": ""1"", ""positive"": ""1"", ""sentiment"": ""mixed_positive""}"
store:28819,HAS_ASPECT_SENTIMENT,aspect:work_friendly,"{""evidence_sources"": ""foody|google"", ""mention_count"": ""2"", ""negative"": ""0"", ""neutral"": ""0"", ""positive"": ""2"", ""sentiment"": ""positive""}"
store:32441,HAS_ASPECT_SENTIMENT,aspect:taste,"{""evidence_sources"": ""befood|foody|google"", ""mention_count"": ""18"", ""negative"": ""5"", ""neutral"": ""4"", ""positive"": ""9"", ""sentiment"": ""positive""}"
store:32441,HAS_ASPECT_SENTIMENT,aspect:cleanliness,"{""evidence_sources"": ""befood|foody|google"", ""mention_count"": ""12"", ""negative"": ""5"", ""neutral"": ""3"", ""positive"": ""4"", ""sentiment"": ""mixed""}"
store:32441,HAS_ASPECT_SENTIMENT,aspect:staff_service,"{""evidence_sources"": ""foody|google"", ""mention_count"": ""11"", ""negative"": ""6"", ""neutral"": ""3"", ""positive"": ""2"", ""sentiment"": ""negative""}"
store:32441,HAS_ASPECT_SENTIMENT,aspect:value_for_money,"{""evidence_sources"": ""befood|foody|google"", ""mention_count"": ""11"", ""negative"": ""5"", ""neutral"": ""3"", ""positive"": ""3"", ""sentiment"": ""negative""}"
store:32441,HAS_ASPECT_SENTIMENT,aspect:space,"{""evidence_sources"": ""foody|google"", ""mention_count"": ""8"", ""negative"": ""3"", ""neutral"": ""2"", ""positive"": ""3"", ""sentiment"": ""mixed""}"
store:37364,HAS_ASPECT_SENTIMENT,aspect:taste,"{""evidence_sources"": ""google"", ""mention_count"": ""7"", ""negative"": ""2"", ""neutral"": ""0"", ""positive"": ""5"", ""sentiment"": ""positive""}"
store:37364,HAS_ASPECT_SENTIMENT,aspect:cleanliness,"{""evidence_sources"": ""google"", ""mention_count"": ""6"", ""negative"": ""1"", ""neutral"": ""0"", ""positive"": ""5"", ""sentiment"": ""positive""}"
store:37364,HAS_ASPECT_SENTIMENT,aspect:value_for_money,"{""evidence_sources"": ""google"", ""mention_count"": ""4"", ""negative"": ""2"", ""neutral"": ""0"", ""positive"": ""2"", ""sentiment"": ""mixed""}"
store:37364,HAS_ASPECT_SENTIMENT,aspect:space,"{""evidence_sources"": ""google"", ""mention_count"": ""3"", ""negative"": ""2"", ""neutral"": ""0"", ""positive"": ""1"", ""sentiment"": ""mixed""}"
store:37364,HAS_ASPECT_SENTIMENT,aspect:staff_service,"{""evidence_sources"": ""google"", ""mention_count"": ""1"", ""negative"": ""1"", ""neutral"": ""0"", ""positive"": ""0"", ""sentiment"": ""mixed_negative""}"
store:86930,HAS_ASPECT_SENTIMENT,aspect:taste,"{""evidence_sources"": ""befood|google"", ""mention_count"": ""7"", ""negative"": ""1"", ""neutral"": ""1"", ""positive"": ""5"", ""sentiment"": ""positive""}"
store:86930,HAS_ASPECT_SENTIMENT,aspect:cleanliness,"{""evidence_sources"": ""befood"", ""mention_count"": ""2"", ""negative"": ""0"", ""neutral"": ""0"", ""positive"": ""2"", ""sentiment"": ""positive""}"
store:86930,HAS_ASPECT_SENTIMENT,aspect:value_for_money,"{""evidence_sources"": ""befood"", ""mention_count"": ""2"", ""negative"": ""0"", ""neutral"": ""1"", ""positive"": ""1"", ""sentiment"": ""mixed_positive""}"
store:86930,HAS_ASPECT_SENTIMENT,aspect:staff_service,"{""evidence_sources"": ""google"", ""mention_count"": ""1"", ""negative"": ""1"", ""neutral"": ""0"", ""positive"": ""0"", ""sentiment"": ""mixed_negative""}"
store:96198,HAS_ASPECT_SENTIMENT,aspect:taste,"{""evidence_sources"": ""google"", ""mention_count"": ""7"", ""negative"": ""1"", ""neutral"": ""1"", ""positive"": ""5"", ""sentiment"": ""positive""}"
store:96198,HAS_ASPECT_SENTIMENT,aspect:value_for_money,"{""evidence_sources"": ""google"", ""mention_count"": ""5"", ""negative"": ""0"", ""neutral"": ""0"", ""positive"": ""5"", ""sentiment"": ""positive""}"
store:96198,HAS_ASPECT_SENTIMENT,aspect:cleanliness,"{""evidence_sources"": ""google"", ""mention_count"": ""4"", ""negative"": ""0"", ""neutral"": ""0"", ""positive"": ""4"", ""sentiment"": ""positive""}"
store:96198,HAS_ASPECT_SENTIMENT,aspect:staff_service,"{""evidence_sources"": ""google"", ""mention_count"": ""4"", ""negative"": ""0"", ""neutral"": ""1"", ""positive"": ""3"", ""sentiment"": ""positive""}"
store:96198,HAS_ASPECT_SENTIMENT,aspect:space,"{""evidence_sources"": ""google"", ""mention_count"": ""2"", ""negative"": ""0"", ""neutral"": ""0"", ""positive"": ""2"", ""sentiment"": ""positive""}"
store:96198,HAS_ASPECT_SENTIMENT,aspect:work_friendly,"{""evidence_sources"": ""google"", ""mention_count"": ""1"", ""negative"": ""0"", ""neutral"": ""0"", ""positive"": ""1"", ""sentiment"": ""mixed_positive""}"
store:118180,HAS_ASPECT_SENTIMENT,aspect:taste,"{""evidence_sources"": ""befood|google"", ""mention_count"": ""15"", ""negative"": ""2"", ""neutral"": ""2"", ""positive"": ""11"", ""sentiment"": ""positive""}"
store:118180,HAS_ASPECT_SENTIMENT,aspect:cleanliness,"{""evidence_sources"": ""befood|google"", ""mention_count"": ""10"", ""negative"": ""0"", ""neutral"": ""2"", ""positive"": ""8"", ""sentiment"": ""positive""}"
store:118180,HAS_ASPECT_SENTIMENT,aspect:value_for_money,"{""evidence_sources"": ""google"", ""mention_count"": ""6"", ""negative"": ""1"", ""neutral"": ""2"", ""positive"": ""3"", ""sentiment"": ""positive""}"
store:118180,HAS_ASPECT_SENTIMENT,aspect:space,"{""evidence_sources"": ""google"", ""mention_count"": ""5"", ""negative"": ""0"", ""neutral"": ""2"", ""positive"": ""3"", ""sentiment"": ""positive""}"
store:118180,HAS_ASPECT_SENTIMENT,aspect:staff_service,"{""evidence_sources"": ""google"", ""mention_count"": ""4"", ""negative"": ""1"", ""neutral"": ""1"", ""positive"": ""2"", ""sentiment"": ""mixed""}"
store:118180,HAS_ASPECT_SENTIMENT,aspect:delivery_accuracy,"{""evidence_sources"": ""google"", ""mention_count"": ""1"", ""negative"": ""1"", ""neutral"": ""0"", ""positive"": ""0"", ""sentiment"": ""mixed_negative""}"
store:118180,HAS_ASPECT_SENTIMENT,aspect:work_friendly,"{""evidence_sources"": ""google"", ""mention_count"": ""1"", ""negative"": ""0"", ""neutral"": ""0"", ""positive"": ""1"", ""sentiment"": ""mixed_positive""}"
store:118304,HAS_ASPECT_SENTIMENT,aspect:taste,"{""evidence_sources"": ""google"", ""mention_count"": ""7"", ""negative"": ""0"", ""neutral"": ""0"", ""positive"": ""7"", ""sentiment"": ""positive""}"
store:118304,HAS_ASPECT_SENTIMENT,aspect:cleanliness,"{""evidence_sources"": ""google"", ""mention_count"": ""5"", ""negative"": ""0"", ""neutral"": ""0"", ""positive"": ""5"", ""sentiment"": ""positive""}"
store:118304,HAS_ASPECT_SENTIMENT,aspect:staff_service,"{""evidence_sources"": ""google"", ""mention_count"": ""5"", ""negative"": ""0"", ""neutral"": ""0"", ""positive"": ""5"", ""sentiment"": ""positive""}"
store:118304,HAS_ASPECT_SENTIMENT,aspect:space,"{""evidence_sources"": ""google"", ""mention_count"": ""4"", ""negative"": ""0"", ""neutral"": ""0"", ""positive"": ""4"", ""sentiment"": ""positive""}"
store:118304,HAS_ASPECT_SENTIMENT,aspect:value_for_money,"{""evidence_sources"": ""google"", ""mention_count"": ""3"", ""negative"": ""0"", ""neutral"": ""0"", ""positive"": ""3"", ""sentiment"": ""positive""}"
store:118304,HAS_ASPECT_SENTIMENT,aspect:work_friendly,"{""evidence_sources"": ""google"", ""mention_count"": ""2"", ""negative"": ""0"", ""neutral"": ""0"", ""positive"": ""2"", ""sentiment"": ""positive""}"
review:be_5117_62,REVIEWS,store:5117,"{""rated_at"": ""2026-03-20 17:05:00""}"
review:be_5117_63,REVIEWS,store:5117,"{""rated_at"": ""2026-03-19 15:48:00""}"
review:be_5117_64,REVIEWS,store:5117,"{""rated_at"": ""2026-03-19 15:41:00""}"
review:be_5117_65,REVIEWS,store:5117,"{""rated_at"": ""2026-03-17 10:24:00""}"
review:be_5117_66,REVIEWS,store:5117,"{""rated_at"": ""2026-03-25 00:18:00""}"
review:be_5117_67,REVIEWS,store:5117,"{""rated_at"": ""2026-03-24 18:04:00""}"
review:be_5117_68,REVIEWS,store:5117,"{""rated_at"": ""2026-03-24 10:17:00""}"
review:be_5117_69,REVIEWS,store:5117,"{""rated_at"": ""2026-03-21 12:52:00""}"
review:be_5117_70,REVIEWS,store:5117,"{""rated_at"": ""2026-03-21 11:37:00""}"
review:be_5117_71,REVIEWS,store:5117,"{""rated_at"": ""2026-03-20 17:08:00""}"
review:be_5117_72,REVIEWS,store:5117,"{""rated_at"": ""2026-03-20 17:07:00""}"
review:be_5117_73,REVIEWS,store:5117,"{""rated_at"": ""2026-03-20 15:16:00""}"
review:be_5117_74,REVIEWS,store:5117,"{""rated_at"": ""2026-03-20 13:43:00""}"
review:be_5117_75,REVIEWS,store:5117,"{""rated_at"": ""2026-03-20 12:29:00""}"
review:be_5117_76,REVIEWS,store:5117,"{""rated_at"": ""2026-03-19 20:05:00""}"
review:be_5117_77,REVIEWS,store:5117,"{""rated_at"": ""2026-03-19 14:16:00""}"
review:be_5117_78,REVIEWS,store:5117,"{""rated_at"": ""2026-03-19 13:07:00""}"
review:be_5117_79,REVIEWS,store:5117,"{""rated_at"": ""2026-03-18 14:23:00""}"
review:be_5117_80,REVIEWS,store:5117,"{""rated_at"": ""2026-03-18 11:22:00""}"
review:be_5117_81,REVIEWS,store:5117,"{""rated_at"": ""2026-03-17 20:04:00""}"
review:foody_17358299,REVIEWS,store:5117,"{""rated_at"": ""2023-03-20 00:00:00""}"
review:foody_14956894,REVIEWS,store:5117,"{""rated_at"": ""2022-01-19 00:00:00""}"
review:foody_14395393,REVIEWS,store:5117,"{""rated_at"": ""2021-12-08 00:00:00""}"
review:foody_12514617,REVIEWS,store:5117,"{""rated_at"": ""2021-05-05 00:00:00""}"
review:foody_12312097,REVIEWS,store:5117,"{""rated_at"": ""2021-04-20 00:00:00""}"
review:foody_12164334,REVIEWS,store:5117,"{""rated_at"": ""2021-04-12 00:00:00""}"
review:foody_8896337,REVIEWS,store:5117,"{""rated_at"": ""2020-10-25 00:00:00""}"
review:foody_8273857,REVIEWS,store:5117,"{""rated_at"": ""2020-09-28 00:00:00""}"
review:foody_5989623,REVIEWS,store:5117,"{""rated_at"": ""2020-06-26 00:00:00""}"
review:foody_5987630,REVIEWS,store:5117,"{""rated_at"": ""2020-06-25 00:00:00""}"
review:google_5117_0,REVIEWS,store:5117,"{""rated_at"": """"}"
review:google_5117_1,REVIEWS,store:5117,"{""rated_at"": """"}"
review:google_5117_2,REVIEWS,store:5117,"{""rated_at"": """"}"
review:google_5117_3,REVIEWS,store:5117,"{""rated_at"": """"}"
review:google_5117_4,REVIEWS,store:5117,"{""rated_at"": """"}"
review:google_5117_5,REVIEWS,store:5117,"{""rated_at"": """"}"
review:google_5117_6,REVIEWS,store:5117,"{""rated_at"": """"}"
review:google_5117_7,REVIEWS,store:5117,"{""rated_at"": """"}"
review:be_24209_84,REVIEWS,store:24209,"{""rated_at"": ""2023-01-13 11:11:00""}"
review:be_24209_85,REVIEWS,store:24209,"{""rated_at"": ""2023-02-04 06:48:00""}"
review:be_27878_99,REVIEWS,store:27878,"{""rated_at"": ""2025-06-22 18:10:00""}"
review:be_27878_100,REVIEWS,store:27878,"{""rated_at"": ""2026-01-06 23:35:00""}"
review:be_27878_101,REVIEWS,store:27878,"{""rated_at"": ""2025-11-23 20:27:00""}"
review:be_27878_102,REVIEWS,store:27878,"{""rated_at"": ""2025-11-23 19:46:00""}"
review:be_27878_103,REVIEWS,store:27878,"{""rated_at"": ""2025-02-28 22:53:00""}"
review:be_27878_104,REVIEWS,store:27878,"{""rated_at"": ""2025-11-13 09:13:00""}"
review:be_27878_105,REVIEWS,store:27878,"{""rated_at"": ""2025-04-05 22:55:00""}"
review:be_27878_106,REVIEWS,store:27878,"{""rated_at"": ""2025-03-23 15:50:00""}"
review:be_27878_107,REVIEWS,store:27878,"{""rated_at"": ""2025-12-26 21:10:00""}"
review:be_27878_108,REVIEWS,store:27878,"{""rated_at"": ""2025-01-19 17:07:00""}"
review:be_27878_109,REVIEWS,store:27878,"{""rated_at"": ""2025-11-29 23:19:00""}"
review:be_27878_110,REVIEWS,store:27878,"{""rated_at"": ""2026-03-17 17:26:00""}"
review:be_27878_111,REVIEWS,store:27878,"{""rated_at"": ""2026-03-02 18:38:00""}"
review:be_27878_112,REVIEWS,store:27878,"{""rated_at"": ""2025-10-13 23:55:00""}"
review:be_27878_113,REVIEWS,store:27878,"{""rated_at"": ""2025-08-23 19:21:00""}"
review:be_27878_114,REVIEWS,store:27878,"{""rated_at"": ""2025-04-27 16:06:00""}"
review:be_27878_115,REVIEWS,store:27878,"{""rated_at"": ""2025-04-15 00:06:00""}"
review:be_27878_116,REVIEWS,store:27878,"{""rated_at"": ""2025-03-24 16:45:00""}"
review:be_27878_117,REVIEWS,store:27878,"{""rated_at"": ""2025-03-09 17:59:00""}"
review:be_27878_118,REVIEWS,store:27878,"{""rated_at"": ""2025-01-14 11:01:00""}"
review:google_27878_0,REVIEWS,store:27878,"{""rated_at"": """"}"
review:google_27878_1,REVIEWS,store:27878,"{""rated_at"": """"}"
review:google_27878_2,REVIEWS,store:27878,"{""rated_at"": """"}"
review:google_27878_3,REVIEWS,store:27878,"{""rated_at"": """"}"
review:google_27878_4,REVIEWS,store:27878,"{""rated_at"": """"}"
review:google_27878_5,REVIEWS,store:27878,"{""rated_at"": """"}"
review:be_28819_21,REVIEWS,store:28819,"{""rated_at"": ""2026-03-20 14:00:00""}"
review:be_28819_22,REVIEWS,store:28819,"{""rated_at"": ""2026-03-03 15:09:00""}"
review:be_28819_23,REVIEWS,store:28819,"{""rated_at"": ""2026-02-28 13:13:00""}"
review:be_28819_24,REVIEWS,store:28819,"{""rated_at"": ""2026-03-13 08:08:00""}"
review:be_28819_25,REVIEWS,store:28819,"{""rated_at"": ""2026-03-03 18:14:00""}"
review:be_28819_26,REVIEWS,store:28819,"{""rated_at"": ""2026-02-26 21:45:00""}"
review:be_28819_27,REVIEWS,store:28819,"{""rated_at"": ""2026-03-24 10:50:00""}"
review:be_28819_28,REVIEWS,store:28819,"{""rated_at"": ""2026-03-20 14:05:00""}"
review:be_28819_29,REVIEWS,store:28819,"{""rated_at"": ""2026-03-20 11:45:00""}"
review:be_28819_30,REVIEWS,store:28819,"{""rated_at"": ""2026-03-20 07:37:00""}"
review:be_28819_31,REVIEWS,store:28819,"{""rated_at"": ""2026-03-18 17:23:00""}"
review:be_28819_32,REVIEWS,store:28819,"{""rated_at"": ""2026-03-17 03:14:00""}"
review:be_28819_33,REVIEWS,store:28819,"{""rated_at"": ""2026-03-15 19:05:00""}"
review:be_28819_34,REVIEWS,store:28819,"{""rated_at"": ""2026-03-14 14:50:00""}"
review:be_28819_35,REVIEWS,store:28819,"{""rated_at"": ""2026-03-08 14:02:00""}"
review:be_28819_36,REVIEWS,store:28819,"{""rated_at"": ""2026-03-08 13:34:00""}"
review:be_28819_37,REVIEWS,store:28819,"{""rated_at"": ""2026-03-08 01:03:00""}"
review:be_28819_38,REVIEWS,store:28819,"{""rated_at"": ""2026-03-05 19:38:00""}"
review:be_28819_39,REVIEWS,store:28819,"{""rated_at"": ""2026-02-24 19:47:00""}"
review:be_28819_40,REVIEWS,store:28819,"{""rated_at"": ""2026-02-24 11:20:00""}"
review:foody_17512612,REVIEWS,store:28819,"{""rated_at"": ""2023-04-29 00:00:00""}"
review:foody_17401546,REVIEWS,store:28819,"{""rated_at"": ""2023-03-31 00:00:00""}"
review:foody_6331312,REVIEWS,store:28819,"{""rated_at"": ""2020-07-12 00:00:00""}"
review:foody_3452021,REVIEWS,store:28819,"{""rated_at"": ""2019-11-14 00:00:00""}"
review:foody_3325566,REVIEWS,store:28819,"{""rated_at"": ""2019-10-23 00:00:00""}"
review:foody_3104347,REVIEWS,store:28819,"{""rated_at"": ""2019-09-15 00:00:00""}"
review:foody_2977406,REVIEWS,store:28819,"{""rated_at"": ""2019-08-20 00:00:00""}"
review:foody_2850992,REVIEWS,store:28819,"{""rated_at"": ""2019-07-24 00:00:00""}"
review:foody_2538997,REVIEWS,store:28819,"{""rated_at"": ""2019-03-10 00:00:00""}"
review:foody_2404646,REVIEWS,store:28819,"{""rated_at"": ""2018-12-01 00:00:00""}"
review:google_28819_0,REVIEWS,store:28819,"{""rated_at"": """"}"
review:google_28819_1,REVIEWS,store:28819,"{""rated_at"": """"}"
review:google_28819_2,REVIEWS,store:28819,"{""rated_at"": """"}"
review:google_28819_3,REVIEWS,store:28819,"{""rated_at"": """"}"
review:google_28819_4,REVIEWS,store:28819,"{""rated_at"": """"}"
review:google_28819_5,REVIEWS,store:28819,"{""rated_at"": """"}"
review:google_28819_6,REVIEWS,store:28819,"{""rated_at"": """"}"
review:google_28819_7,REVIEWS,store:28819,"{""rated_at"": """"}"
review:be_32441_1,REVIEWS,store:32441,"{""rated_at"": ""2026-03-06 13:11:00""}"
review:be_32441_2,REVIEWS,store:32441,"{""rated_at"": ""2026-03-21 14:41:00""}"
review:be_32441_3,REVIEWS,store:32441,"{""rated_at"": ""2026-03-20 21:57:00""}"
review:be_32441_4,REVIEWS,store:32441,"{""rated_at"": ""2026-03-18 22:02:00""}"
review:be_32441_5,REVIEWS,store:32441,"{""rated_at"": ""2026-03-13 22:16:00""}"
review:be_32441_6,REVIEWS,store:32441,"{""rated_at"": ""2026-03-22 21:43:00""}"
review:be_32441_7,REVIEWS,store:32441,"{""rated_at"": ""2026-03-23 15:22:00""}"
review:be_32441_8,REVIEWS,store:32441,"{""rated_at"": ""2026-03-11 20:22:00""}"
review:be_32441_9,REVIEWS,store:32441,"{""rated_at"": ""2026-03-13 22:17:00""}"
review:be_32441_10,REVIEWS,store:32441,"{""rated_at"": """"}"
review:be_32441_11,REVIEWS,store:32441,"{""rated_at"": ""2026-03-24 14:45:00""}"
review:be_32441_12,REVIEWS,store:32441,"{""rated_at"": ""2026-03-24 11:29:00""}"
review:be_32441_13,REVIEWS,store:32441,"{""rated_at"": ""2026-03-24 08:46:00""}"
review:be_32441_14,REVIEWS,store:32441,"{""rated_at"": ""2026-03-20 18:31:00""}"
review:be_32441_15,REVIEWS,store:32441,"{""rated_at"": ""2026-03-17 17:54:00""}"
review:be_32441_16,REVIEWS,store:32441,"{""rated_at"": ""2026-03-17 10:48:00""}"
review:be_32441_17,REVIEWS,store:32441,"{""rated_at"": ""2026-03-17 08:43:00""}"
review:be_32441_18,REVIEWS,store:32441,"{""rated_at"": ""2026-03-09 21:02:00""}"
review:be_32441_19,REVIEWS,store:32441,"{""rated_at"": ""2026-03-08 21:18:00""}"
review:be_32441_20,REVIEWS,store:32441,"{""rated_at"": ""2026-03-05 19:52:00""}"
review:foody_17778262,REVIEWS,store:32441,"{""rated_at"": ""2023-08-03 00:00:00""}"
review:foody_13562011,REVIEWS,store:32441,"{""rated_at"": ""2021-07-04 00:00:00""}"
review:foody_5975774,REVIEWS,store:32441,"{""rated_at"": ""2020-06-25 00:00:00""}"
review:foody_3750807,REVIEWS,store:32441,"{""rated_at"": ""2019-12-24 00:00:00""}"
review:foody_3543229,REVIEWS,store:32441,"{""rated_at"": ""2019-11-28 00:00:00""}"
review:foody_3470206,REVIEWS,store:32441,"{""rated_at"": ""2019-11-18 00:00:00""}"
review:foody_3358903,REVIEWS,store:32441,"{""rated_at"": ""2019-10-29 00:00:00""}"
review:foody_3168684,REVIEWS,store:32441,"{""rated_at"": ""2019-09-27 00:00:00""}"
review:foody_3043465,REVIEWS,store:32441,"{""rated_at"": ""2019-09-02 00:00:00""}"
review:foody_2742964,REVIEWS,store:32441,"{""rated_at"": ""2019-06-23 00:00:00""}"
review:google_32441_0,REVIEWS,store:32441,"{""rated_at"": """"}"
review:google_32441_1,REVIEWS,store:32441,"{""rated_at"": """"}"
review:google_32441_2,REVIEWS,store:32441,"{""rated_at"": """"}"
review:google_32441_3,REVIEWS,store:32441,"{""rated_at"": """"}"
review:google_32441_4,REVIEWS,store:32441,"{""rated_at"": """"}"
review:google_32441_5,REVIEWS,store:32441,"{""rated_at"": """"}"
review:google_32441_6,REVIEWS,store:32441,"{""rated_at"": """"}"
review:google_32441_7,REVIEWS,store:32441,"{""rated_at"": """"}"
review:google_37364_0,REVIEWS,store:37364,"{""rated_at"": """"}"
review:google_37364_1,REVIEWS,store:37364,"{""rated_at"": """"}"
review:google_37364_2,REVIEWS,store:37364,"{""rated_at"": """"}"
review:google_37364_3,REVIEWS,store:37364,"{""rated_at"": """"}"
review:google_37364_4,REVIEWS,store:37364,"{""rated_at"": """"}"
review:google_37364_5,REVIEWS,store:37364,"{""rated_at"": """"}"
review:google_37364_6,REVIEWS,store:37364,"{""rated_at"": """"}"
review:google_37364_7,REVIEWS,store:37364,"{""rated_at"": """"}"
review:be_86930_86,REVIEWS,store:86930,"{""rated_at"": ""2025-05-24 11:56:00""}"
review:be_86930_87,REVIEWS,store:86930,"{""rated_at"": ""2026-01-08 21:13:00""}"
review:be_86930_88,REVIEWS,store:86930,"{""rated_at"": ""2024-10-17 19:38:00""}"
review:be_86930_89,REVIEWS,store:86930,"{""rated_at"": ""2024-08-04 14:09:00""}"
review:be_86930_90,REVIEWS,store:86930,"{""rated_at"": ""2025-11-09 00:05:00""}"
review:be_86930_91,REVIEWS,store:86930,"{""rated_at"": ""2024-11-22 22:22:00""}"
review:be_86930_92,REVIEWS,store:86930,"{""rated_at"": ""2025-05-08 10:57:00""}"
review:be_86930_93,REVIEWS,store:86930,"{""rated_at"": ""2025-07-05 17:13:00""}"
review:be_86930_94,REVIEWS,store:86930,"{""rated_at"": ""2025-04-28 02:56:00""}"
review:be_86930_95,REVIEWS,store:86930,"{""rated_at"": ""2024-12-27 19:47:00""}"
review:be_86930_96,REVIEWS,store:86930,"{""rated_at"": ""2024-10-29 11:41:00""}"
review:be_86930_97,REVIEWS,store:86930,"{""rated_at"": ""2024-10-14 16:21:00""}"
review:be_86930_98,REVIEWS,store:86930,"{""rated_at"": ""2024-08-01 16:57:00""}"
review:google_86930_0,REVIEWS,store:86930,"{""rated_at"": """"}"
review:google_86930_1,REVIEWS,store:86930,"{""rated_at"": """"}"
review:google_86930_2,REVIEWS,store:86930,"{""rated_at"": """"}"
review:google_96198_0,REVIEWS,store:96198,"{""rated_at"": """"}"
review:google_96198_1,REVIEWS,store:96198,"{""rated_at"": """"}"
review:google_96198_2,REVIEWS,store:96198,"{""rated_at"": """"}"
review:google_96198_3,REVIEWS,store:96198,"{""rated_at"": """"}"
review:google_96198_4,REVIEWS,store:96198,"{""rated_at"": """"}"
review:google_96198_5,REVIEWS,store:96198,"{""rated_at"": """"}"
review:google_96198_6,REVIEWS,store:96198,"{""rated_at"": """"}"
review:google_96198_7,REVIEWS,store:96198,"{""rated_at"": """"}"
review:be_118180_42,REVIEWS,store:118180,"{""rated_at"": ""2026-03-06 17:43:00""}"
review:be_118180_43,REVIEWS,store:118180,"{""rated_at"": ""2026-03-10 14:10:00""}"
review:be_118180_44,REVIEWS,store:118180,"{""rated_at"": ""2026-03-08 19:45:00""}"
review:be_118180_45,REVIEWS,store:118180,"{""rated_at"": ""2026-03-07 11:58:00""}"
review:be_118180_46,REVIEWS,store:118180,"{""rated_at"": ""2026-03-07 11:29:00""}"
review:be_118180_47,REVIEWS,store:118180,"{""rated_at"": ""2026-03-07 09:59:00""}"
review:be_118180_48,REVIEWS,store:118180,"{""rated_at"": ""2026-03-06 16:58:00""}"
review:be_118180_49,REVIEWS,store:118180,"{""rated_at"": ""2026-03-19 17:35:00""}"
review:be_118180_50,REVIEWS,store:118180,"{""rated_at"": ""2026-03-15 10:46:00""}"
review:be_118180_51,REVIEWS,store:118180,"{""rated_at"": ""2026-03-09 17:04:00""}"
review:be_118180_52,REVIEWS,store:118180,"{""rated_at"": ""2026-03-07 12:42:00""}"
review:be_118180_53,REVIEWS,store:118180,"{""rated_at"": ""2026-03-07 08:32:00""}"
review:be_118180_54,REVIEWS,store:118180,"{""rated_at"": ""2026-03-06 21:19:00""}"
review:be_118180_55,REVIEWS,store:118180,"{""rated_at"": ""2026-03-06 21:11:00""}"
review:be_118180_56,REVIEWS,store:118180,"{""rated_at"": ""2026-03-06 15:15:00""}"
review:be_118180_57,REVIEWS,store:118180,"{""rated_at"": ""2026-02-06 14:25:00""}"
review:be_118180_58,REVIEWS,store:118180,"{""rated_at"": ""2026-01-23 10:42:00""}"
review:be_118180_59,REVIEWS,store:118180,"{""rated_at"": ""2026-01-09 11:17:00""}"
review:be_118180_60,REVIEWS,store:118180,"{""rated_at"": ""2025-12-23 14:13:00""}"
review:be_118180_61,REVIEWS,store:118180,"{""rated_at"": ""2025-12-17 17:27:00""}"
review:google_118180_0,REVIEWS,store:118180,"{""rated_at"": """"}"
review:google_118180_1,REVIEWS,store:118180,"{""rated_at"": """"}"
review:google_118180_2,REVIEWS,store:118180,"{""rated_at"": """"}"
review:google_118180_3,REVIEWS,store:118180,"{""rated_at"": """"}"
review:google_118180_4,REVIEWS,store:118180,"{""rated_at"": """"}"
review:google_118180_5,REVIEWS,store:118180,"{""rated_at"": """"}"
review:google_118180_6,REVIEWS,store:118180,"{""rated_at"": """"}"
review:google_118180_7,REVIEWS,store:118180,"{""rated_at"": """"}"
review:be_118304_82,REVIEWS,store:118304,"{""rated_at"": ""2025-12-14 16:35:00""}"
review:be_118304_83,REVIEWS,store:118304,"{""rated_at"": ""2025-10-27 18:01:00""}"
review:google_118304_0,REVIEWS,store:118304,"{""rated_at"": """"}"
review:google_118304_1,REVIEWS,store:118304,"{""rated_at"": """"}"
review:google_118304_2,REVIEWS,store:118304,"{""rated_at"": """"}"
review:google_118304_3,REVIEWS,store:118304,"{""rated_at"": """"}"
review:google_118304_4,REVIEWS,store:118304,"{""rated_at"": """"}"
review:google_118304_5,REVIEWS,store:118304,"{""rated_at"": """"}"
review:google_118304_6,REVIEWS,store:118304,"{""rated_at"": """"}"
review:google_118304_7,REVIEWS,store:118304,"{""rated_at"": """"}"
store:5117,HAS_SOURCE_RECORD,source:befood,"{""match_confidence"": ""high"", ""source_key"": ""5117""}"
store:5117,HAS_SOURCE_RECORD,source:foody,"{""match_confidence"": ""high"", ""source_key"": ""https://www.foody.vn/ha-noi/phuc-long-tran-dai-nghia""}"
store:5117,HAS_SOURCE_RECORD,source:google,"{""match_confidence"": ""high"", ""source_key"": ""ChIJG4MNTRKtNTERMdX9_nZCRnY""}"
store:24209,HAS_SOURCE_RECORD,source:befood,"{""match_confidence"": ""high"", ""source_key"": ""24209""}"
store:24209,HAS_SOURCE_RECORD,source:google,"{""match_confidence"": ""high"", ""source_key"": ""ChIJNan-FHasNTERqQITN2_jD-c""}"
store:27878,HAS_SOURCE_RECORD,source:befood,"{""match_confidence"": ""high"", ""source_key"": ""27878""}"
store:27878,HAS_SOURCE_RECORD,source:google,"{""match_confidence"": ""high"", ""source_key"": ""ChIJeS1ro2etNTERbI5vCHcUsdE""}"
store:28819,HAS_SOURCE_RECORD,source:befood,"{""match_confidence"": ""high"", ""source_key"": ""28819""}"
store:28819,HAS_SOURCE_RECORD,source:foody,"{""match_confidence"": ""high"", ""source_key"": ""https://www.foody.vn/ha-noi/highlands-coffee-tra-ca-phe-banh-dh-bach-khoa""}"
store:28819,HAS_SOURCE_RECORD,source:google,"{""match_confidence"": ""high"", ""source_key"": ""ChIJ2eOmu8utNTERJF2ptkp1M1U""}"
store:32441,HAS_SOURCE_RECORD,source:befood,"{""match_confidence"": ""high"", ""source_key"": ""32441""}"
store:32441,HAS_SOURCE_RECORD,source:foody,"{""match_confidence"": ""high"", ""source_key"": ""https://www.foody.vn/ha-noi/mi-cay-seoul-tran-dai-nghia""}"
store:32441,HAS_SOURCE_RECORD,source:google,"{""match_confidence"": ""high"", ""source_key"": ""ChIJQx4DbPStNTERHGh4b_1WM0s""}"
store:37364,HAS_SOURCE_RECORD,source:befood,"{""match_confidence"": ""high"", ""source_key"": ""37364""}"
store:37364,HAS_SOURCE_RECORD,source:google,"{""match_confidence"": ""high"", ""source_key"": ""ChIJgSa2OdmrNTERdN2XjloqtMs""}"
store:86930,HAS_SOURCE_RECORD,source:befood,"{""match_confidence"": ""high"", ""source_key"": ""86930""}"
store:86930,HAS_SOURCE_RECORD,source:google,"{""match_confidence"": ""high"", ""source_key"": ""ChIJfyn8ZwCtNTERx5svG5uV0as""}"
store:96198,HAS_SOURCE_RECORD,source:befood,"{""match_confidence"": ""high"", ""source_key"": ""96198""}"
store:96198,HAS_SOURCE_RECORD,source:google,"{""match_confidence"": ""high"", ""source_key"": ""ChIJx4O7LQCtNTERW8cByt7xLGQ""}"
store:118180,HAS_SOURCE_RECORD,source:befood,"{""match_confidence"": ""high"", ""source_key"": ""118180""}"
store:118180,HAS_SOURCE_RECORD,source:google,"{""match_confidence"": ""high"", ""source_key"": ""ChIJQyieCQCtNTERqqmnOm-Z-Kg""}"
store:118304,HAS_SOURCE_RECORD,source:befood,"{""match_confidence"": ""high"", ""source_key"": ""118304""}"
store:118304,HAS_SOURCE_RECORD,source:google,"{""match_confidence"": ""high"", ""source_key"": ""ChIJeUKoTQCtNTERUyftswtNbLI""}"
user:u001,HAS_SESSION,session:s001,{}
session:s001,REQUESTS_CONTEXT,context:intent:quick_lunch,"{""desired_service"": ""dine_in"", ""radius_m"": 900}"
user:u002,HAS_SESSION,session:s002,{}
session:s002,REQUESTS_CONTEXT,context:intent:work_friendly_cafe,"{""desired_service"": ""dine_in"", ""radius_m"": 700}"
user:u003,HAS_SESSION,session:s003,{}
session:s003,REQUESTS_CONTEXT,context:intent:group_snack,"{""desired_service"": ""takeaway"", ""radius_m"": 1200}"
user:u001,HAS_PREFERENCE,preference:u001:category:noodle_rice_fastcasual,"{""source"": ""mock_profile""}"
user:u001,HAS_PREFERENCE,preference:u001:aspect:value_for_money,"{""source"": ""mock_profile""}"
user:u002,HAS_PREFERENCE,preference:u002:aspect:work_friendly,"{""source"": ""mock_profile""}"
user:u002,HAS_PREFERENCE,preference:u002:service:seating,"{""source"": ""mock_profile""}"
user:u003,HAS_PREFERENCE,preference:u003:category:an_vat,"{""source"": ""mock_profile""}"
user:u003,HAS_PREFERENCE,preference:u003:service:đo_an_mang_đi,"{""source"": ""mock_profile""}"
store:5117,SELLS_MENU_ITEM,menu_item:mi_5117_1,"{""source"": ""mock_menu""}"
store:5117,SELLS_MENU_ITEM,menu_item:mi_5117_2,"{""source"": ""mock_menu""}"
store:5117,SELLS_MENU_ITEM,menu_item:mi_5117_3,"{""source"": ""mock_menu""}"
store:5117,SELLS_MENU_ITEM,menu_item:mi_5117_4,"{""source"": ""mock_menu""}"
store:24209,SELLS_MENU_ITEM,menu_item:mi_24209_1,"{""source"": ""mock_menu""}"
store:24209,SELLS_MENU_ITEM,menu_item:mi_24209_2,"{""source"": ""mock_menu""}"
store:24209,SELLS_MENU_ITEM,menu_item:mi_24209_3,"{""source"": ""mock_menu""}"
store:24209,SELLS_MENU_ITEM,menu_item:mi_24209_4,"{""source"": ""mock_menu""}"
store:27878,SELLS_MENU_ITEM,menu_item:mi_27878_1,"{""source"": ""mock_menu""}"
store:27878,SELLS_MENU_ITEM,menu_item:mi_27878_2,"{""source"": ""mock_menu""}"
store:27878,SELLS_MENU_ITEM,menu_item:mi_27878_3,"{""source"": ""mock_menu""}"
store:27878,SELLS_MENU_ITEM,menu_item:mi_27878_4,"{""source"": ""mock_menu""}"
store:28819,SELLS_MENU_ITEM,menu_item:mi_28819_1,"{""source"": ""mock_menu""}"
store:28819,SELLS_MENU_ITEM,menu_item:mi_28819_2,"{""source"": ""mock_menu""}"
store:28819,SELLS_MENU_ITEM,menu_item:mi_28819_3,"{""source"": ""mock_menu""}"
store:28819,SELLS_MENU_ITEM,menu_item:mi_28819_4,"{""source"": ""mock_menu""}"
store:32441,SELLS_MENU_ITEM,menu_item:mi_32441_1,"{""source"": ""mock_menu""}"
store:32441,SELLS_MENU_ITEM,menu_item:mi_32441_2,"{""source"": ""mock_menu""}"
store:32441,SELLS_MENU_ITEM,menu_item:mi_32441_3,"{""source"": ""mock_menu""}"
store:32441,SELLS_MENU_ITEM,menu_item:mi_32441_4,"{""source"": ""mock_menu""}"
store:37364,SELLS_MENU_ITEM,menu_item:mi_37364_1,"{""source"": ""mock_menu""}"
store:37364,SELLS_MENU_ITEM,menu_item:mi_37364_2,"{""source"": ""mock_menu""}"
store:37364,SELLS_MENU_ITEM,menu_item:mi_37364_3,"{""source"": ""mock_menu""}"
store:37364,SELLS_MENU_ITEM,menu_item:mi_37364_4,"{""source"": ""mock_menu""}"
store:86930,SELLS_MENU_ITEM,menu_item:mi_86930_1,"{""source"": ""mock_menu""}"
store:86930,SELLS_MENU_ITEM,menu_item:mi_86930_2,"{""source"": ""mock_menu""}"
store:86930,SELLS_MENU_ITEM,menu_item:mi_86930_3,"{""source"": ""mock_menu""}"
store:86930,SELLS_MENU_ITEM,menu_item:mi_86930_4,"{""source"": ""mock_menu""}"
store:96198,SELLS_MENU_ITEM,menu_item:mi_96198_1,"{""source"": ""mock_menu""}"
store:96198,SELLS_MENU_ITEM,menu_item:mi_96198_2,"{""source"": ""mock_menu""}"
store:96198,SELLS_MENU_ITEM,menu_item:mi_96198_3,"{""source"": ""mock_menu""}"
store:96198,SELLS_MENU_ITEM,menu_item:mi_96198_4,"{""source"": ""mock_menu""}"
store:118180,SELLS_MENU_ITEM,menu_item:mi_118180_1,"{""source"": ""mock_menu""}"
store:118180,SELLS_MENU_ITEM,menu_item:mi_118180_2,"{""source"": ""mock_menu""}"
store:118180,SELLS_MENU_ITEM,menu_item:mi_118180_3,"{""source"": ""mock_menu""}"
store:118180,SELLS_MENU_ITEM,menu_item:mi_118180_4,"{""source"": ""mock_menu""}"
store:118304,SELLS_MENU_ITEM,menu_item:mi_118304_1,"{""source"": ""mock_menu""}"
store:118304,SELLS_MENU_ITEM,menu_item:mi_118304_2,"{""source"": ""mock_menu""}"
store:118304,SELLS_MENU_ITEM,menu_item:mi_118304_3,"{""source"": ""mock_menu""}"
store:118304,SELLS_MENU_ITEM,menu_item:mi_118304_4,"{""source"": ""mock_menu""}"
user:u001,INTERACTED_WITH,store:32441,"{""interacted_at"": ""2026-04-14 11:10:00"", ""interaction_type"": ""clicked"", ""rating_5"": 4.0, ""session_id"": ""s001""}"
user:u001,INTERACTED_WITH,store:86930,"{""interacted_at"": ""2026-04-14 12:10:00"", ""interaction_type"": ""ordered"", ""rating_5"": 4.5, ""session_id"": ""s001""}"
user:u002,INTERACTED_WITH,store:28819,"{""interacted_at"": ""2026-04-14 13:10:00"", ""interaction_type"": ""saved"", ""rating_5"": 4.0, ""session_id"": ""s002""}"
user:u002,INTERACTED_WITH,store:5117,"{""interacted_at"": ""2026-04-14 14:10:00"", ""interaction_type"": ""visited"", ""rating_5"": 3.5, ""session_id"": ""s002""}"
user:u003,INTERACTED_WITH,store:27878,"{""interacted_at"": ""2026-04-14 15:10:00"", ""interaction_type"": ""ordered"", ""rating_5"": 4.5, ""session_id"": ""s003""}"
user:u003,INTERACTED_WITH,store:118304,"{""interacted_at"": ""2026-04-14 16:10:00"", ""interaction_type"": ""clicked"", ""rating_5"": 4.0, ""session_id"": ""s003""}"
store:5117,HAS_NORMALIZED_LOCATION,location:loc_5117,{}
store:24209,HAS_NORMALIZED_LOCATION,location:loc_24209,{}
store:27878,HAS_NORMALIZED_LOCATION,location:loc_27878,{}
store:28819,HAS_NORMALIZED_LOCATION,location:loc_28819,{}
store:32441,HAS_NORMALIZED_LOCATION,location:loc_32441,{}
store:37364,HAS_NORMALIZED_LOCATION,location:loc_37364,{}
store:86930,HAS_NORMALIZED_LOCATION,location:loc_86930,{}
store:96198,HAS_NORMALIZED_LOCATION,location:loc_96198,{}
store:118180,HAS_NORMALIZED_LOCATION,location:loc_118180,{}
store:118304,HAS_NORMALIZED_LOCATION,location:loc_118304,{}
store:5117,HAS_SOURCE_MATCH_QUALITY,match_quality:5117:google,{}
store:24209,HAS_SOURCE_MATCH_QUALITY,match_quality:24209:google,{}
store:27878,HAS_SOURCE_MATCH_QUALITY,match_quality:27878:google,{}
store:28819,HAS_SOURCE_MATCH_QUALITY,match_quality:28819:google,{}
store:32441,HAS_SOURCE_MATCH_QUALITY,match_quality:32441:google,{}
store:37364,HAS_SOURCE_MATCH_QUALITY,match_quality:37364:google,{}
store:86930,HAS_SOURCE_MATCH_QUALITY,match_quality:86930:google,{}
store:96198,HAS_SOURCE_MATCH_QUALITY,match_quality:96198:google,{}
store:118180,HAS_SOURCE_MATCH_QUALITY,match_quality:118180:google,{}
store:118304,HAS_SOURCE_MATCH_QUALITY,match_quality:118304:google,{}
